Player,Nation,Pos,Squad,Age,Playing Time MP,Playing Time Starts,Playing Time Min,Playing Time 90s,Performance Gls,Performance Ast,Performance G+A,Performance G-PK,Performance PK,Performance PKatt,Performance CrdY,Performance CrdR,Per 90 Minutes Gls,Per 90 Minutes Ast,Per 90 Minutes G+A,Per 90 Minutes G-PK,Per 90 Minutes G+A-PK,Performance GA,Performance GA90,Performance SoTA,Performance Saves,Performance Save%,Performance W,Performance D,Performance L,Performance CS,Performance CS%,Penalty Kicks PKatt,Penalty Kicks PKA,Penalty Kicks PKsv,Penalty Kicks PKm,Penalty Kicks Save%,Standard Sh,Standard SoT,Standard SoT%,Standard Sh/90,Standard SoT/90,Standard G/Sh,Standard G/SoT,Playing Time Mn/MP,Playing Time Min%,Starts Mn/Start,Starts Compl,Subs Subs,Subs Mn/Sub,Subs unSub,Team Success PPM,Team Success onG,Team Success onGA,Team Success +/-,Team Success +/-90,Team Success On-Off,Performance 2CrdY,Performance Fls,Performance Fld,Performance Off,Performance Crs,Performance Int,Performance TklW,Performance PKwon,Performance PKcon,Performance OG
Aaron Hickey,SCO,DF,Brentford,23-319,18,7,599,6.7,0,0,0,0,0,0,1,0,0.00,0.00,0.00,0.00,0.00,N/a,N/a,N/a,N/a,N/a,N/a,N/a,N/a,N/a,N/a,N/a,N/a,N/a,N/a,N/a,5,1,20.0,0.75,0.15,0.00,0.00,33,20.2,69,1,11,10,6,1.50,8,8,0,0.00,-0.15,0,6,8,0,4,7,6,N/a,N/a,0
Aaron Ramsdale,ENG,GK,Newcastle United,27-346,12,11,"1,004",11.2,0,0,0,0,0,0,2,0,0.00,0.00,0.00,0.00,0.00,17,1.52,38,24,63.2,4,2,5,1,9.1,3,3,0,0,0.0,0,0,N/a,0.00,0.00,N/a,N/a,84,33.8,90,11,1,14,21,1.17,16,17,-1,-0.09,0.00,0,0,1,0,0,0,0,N/a,N/a,0
Aaron Wan-Bissaka,COD,"DF,MF",West Ham United,28-150,22,21,"1,903",21.1,0,2,2,0,0,0,4,0,0.00,0.09,0.09,0.00,0.09,N/a,N/a,N/a,N/a,N/a,N/a,N/a,N/a,N/a,N/a,N/a,N/a,N/a,N/a,N/a,0,0,N/a,0.00,0.00,N/a,N/a,87,64.1,88,18,1,45,3,1.09,27,39,-12,-0.57,-0.15,0,21,12,1,40,39,21,N/a,N/a,0
Abdukodir Khusanov,UZB,DF,Manchester City,22-055,18,12,"1,162",12.9,0,0,0,0,0,0,2,0,0.00,0.00,0.00,0.00,0.00,N/a,N/a,N/a,N/a,N/a,N/a,N/a,N/a,N/a,N/a,N/a,N/a,N/a,N/a,N/a,4,1,25.0,0.31,0.08,0.00,0.00,65,39.1,83,9,6,27,9,2.00,18,9,+9,+0.70,-0.70,0,12,5,0,2,26,17,N/a,N/a,0
Adam Armstrong,ENG,"FW,MF",Wolves,29-074,9,9,726,8.1,1,2,3,1,0,0,3,0,0.12,0.25,0.37,0.12,0.37,N/a,N/a,N/a,N/a,N/a,N/a,N/a,N/a,N/a,N/a,N/a,N/a,N/a,N/a,N/a,10,2,20.0,1.24,0.25,0.10,0.50,81,24.4,81,4,0,N/a,0,1.00,6,13,-7,-0.87,+0.34,0,9,2,2,3,1,3,N/a,N/a,0
Adam Smith,ENG,DF,Bournemouth,34-361,19,11,809,9.0,0,1,1,0,0,0,3,0,0.00,0.11,0.11,0.00,0.11,N/a,N/a,N/a,N/a,N/a,N/a,N/a,N/a,N/a,N/a,N/a,N/a,N/a,N/a,N/a,0,0,N/a,0.00,0.00,N/a,N/a,43,26.4,69,4,8,7,10,1.42,15,15,0,0.00,0.00,0,14,7,0,10,7,10,N/a,N/a,0
Adam Wharton,ENG,MF,Crystal Palace,22-078,28,26,"2,190",24.3,0,5,5,0,0,0,6,1,0.00,0.21,0.21,0.00,0.21,N/a,N/a,N/a,N/a,N/a,N/a,N/a,N/a,N/a,N/a,N/a,N/a,N/a,N/a,N/a,26,4,15.4,1.07,0.16,0.00,0.00,78,76.0,82,12,2,29,0,1.32,28,33,-5,-0.21,-0.73,1,29,26,0,74,22,33,N/a,N/a,0
Adama Traoré,ESP,MF,Fulham,30-090,15,1,274,3.0,0,0,0,0,0,0,0,0,0.00,0.00,0.00,0.00,0.00,N/a,N/a,N/a,N/a,N/a,N/a,N/a,N/a,N/a,N/a,N/a,N/a,N/a,N/a,N/a,5,1,20.0,1.64,0.33,0.00,0.00,18,9.2,75,0,14,14,6,1.20,4,7,-3,-0.99,-0.99,0,6,8,3,15,0,1,N/a,N/a,0
Adrien Truffert,FRA,DF,Bournemouth,24-156,34,34,"3,019",33.5,1,3,4,1,0,0,4,0,0.03,0.09,0.12,0.03,0.12,N/a,N/a,N/a,N/a,N/a,N/a,N/a,N/a,N/a,N/a,N/a,N/a,N/a,N/a,N/a,14,4,28.6,0.42,0.12,0.07,0.25,89,98.7,89,32,0,N/a,0,1.44,52,49,+3,+0.09,+6.67,0,37,29,0,135,41,47,N/a,N/a,0
Alejandro Garnacho,ARG,MF,Chelsea,21-298,23,14,"1,266",14.1,1,4,5,1,0,0,2,0,0.07,0.28,0.36,0.07,0.36,N/a,N/a,N/a,N/a,N/a,N/a,N/a,N/a,N/a,N/a,N/a,N/a,N/a,N/a,N/a,33,7,21.2,2.35,0.50,0.03,0.14,55,41.4,68,4,9,35,8,1.39,20,20,0,0.00,-0.40,0,9,23,2,61,4,12,N/a,N/a,0
Alex Iwobi,NGA,MF,Fulham,29-357,27,27,"2,263",25.1,4,3,7,4,0,0,3,0,0.16,0.12,0.28,0.16,0.28,N/a,N/a,N/a,N/a,N/a,N/a,N/a,N/a,N/a,N/a,N/a,N/a,N/a,N/a,N/a,31,12,38.7,1.23,0.48,0.13,0.33,84,76.2,84,11,0,N/a,0,1.26,33,39,-6,-0.24,-0.62,0,7,10,1,80,14,17,N/a,N/a,0
Alex Scott,ENG,MF,Bournemouth,22-247,34,31,"2,580",28.7,3,1,4,3,0,0,4,0,0.10,0.03,0.14,0.10,0.14,N/a,N/a,N/a,N/a,N/a,N/a,N/a,N/a,N/a,N/a,N/a,N/a,N/a,N/a,N/a,43,12,27.9,1.50,0.42,0.07,0.25,76,84.3,79,17,3,39,0,1.44,45,41,+4,+0.14,+0.89,0,38,56,1,78,34,34,N/a,N/a,0
Alexander Isak,SWE,FW,Liverpool,26-216,12,7,597,6.6,2,1,3,2,0,0,0,0,0.30,0.15,0.45,0.30,0.45,N/a,N/a,N/a,N/a,N/a,N/a,N/a,N/a,N/a,N/a,N/a,N/a,N/a,N/a,N/a,16,5,31.3,2.41,0.75,0.13,0.40,50,20.1,74,0,5,16,1,1.67,5,8,-3,-0.45,-0.98,0,5,0,0,2,0,5,N/a,N/a,0
Alexis Mac Allister,ARG,MF,Liverpool,27-122,32,26,"2,208",24.5,2,2,4,2,0,0,5,0,0.08,0.08,0.16,0.08,0.16,N/a,N/a,N/a,N/a,N/a,N/a,N/a,N/a,N/a,N/a,N/a,N/a,N/a,N/a,N/a,45,11,24.4,1.83,0.45,0.04,0.18,69,74.3,80,15,6,20,0,1.63,36,31,+5,+0.20,-0.50,0,25,27,0,19,16,22,N/a,N/a,0
Alisson,BRA,GK,Liverpool,33-205,25,25,"2,250",25.0,0,0,0,0,0,0,1,0,0.00,0.00,0.00,0.00,0.00,30,1.20,84,56,66.7,13,7,5,8,32.0,2,2,0,0,0.0,0,0,N/a,0.00,0.00,N/a,N/a,90,75.8,90,25,0,N/a,0,1.84,43,30,+13,+0.52,+0.77,0,1,7,0,0,0,0,N/a,N/a,0
Alphonse Areola,FRA,GK,West Ham United,33-057,20,20,"1,800",20.0,0,1,1,0,0,0,0,0,0.00,0.05,0.05,0.00,0.05,37,1.85,108,76,70.4,4,5,11,0,0.0,6,5,0,1,0.0,0,0,N/a,0.00,0.00,N/a,N/a,90,60.6,90,20,0,N/a,13,0.85,25,37,-12,-0.60,-0.22,0,1,1,0,0,1,0,N/a,N/a,0
Altay Bayındır,TUR,GK,Manchester Utd,28-011,6,6,540,6.0,0,0,0,0,0,0,0,0,0.00,0.00,0.00,0.00,0.00,11,1.83,24,13,54.2,2,1,3,0,0.0,0,0,0,0,N/a,0,0,N/a,0.00,0.00,N/a,N/a,90,18.2,90,6,0,N/a,27,1.17,7,11,-4,-0.67,-1.30,0,0,3,0,0,0,0,N/a,N/a,0
Amad Diallo,CIV,MF,Manchester Utd,23-288,27,23,"1,997",22.2,2,2,4,2,0,0,2,0,0.09,0.09,0.18,0.09,0.18,N/a,N/a,N/a,N/a,N/a,N/a,N/a,N/a,N/a,N/a,N/a,N/a,N/a,N/a,N/a,45,18,40.0,2.03,0.81,0.04,0.11,74,67.2,83,15,4,20,0,1.93,43,29,+14,+0.63,+0.72,0,19,34,11,41,13,21,N/a,N/a,0
Amadou Onana,BEL,MF,Aston Villa,24-252,24,21,"1,740",19.3,2,0,2,2,0,0,3,0,0.10,0.00,0.10,0.10,0.10,N/a,N/a,N/a,N/a,N/a,N/a,N/a,N/a,N/a,N/a,N/a,N/a,N/a,N/a,N/a,19,7,36.8,0.98,0.36,0.11,0.29,73,58.6,81,11,3,16,1,1.92,28,26,+2,+0.10,-0.19,0,20,25,0,0,19,29,N/a,N/a,0
Amine Adli,MAR,MF,Bournemouth,25-350,28,10,"1,058",11.8,3,1,4,3,0,0,2,0,0.26,0.09,0.34,0.26,0.34,N/a,N/a,N/a,N/a,N/a,N/a,N/a,N/a,N/a,N/a,N/a,N/a,N/a,N/a,N/a,20,9,45.0,1.70,0.77,0.15,0.33,38,34.6,73,2,18,18,5,1.39,18,17,+1,+0.09,+0.13,0,26,23,4,39,5,16,N/a,N/a,0
Andrew Robertson,SCO,DF,Liverpool,32-045,21,8,950,10.6,0,0,0,0,0,0,0,0,0.00,0.00,0.00,0.00,0.00,N/a,N/a,N/a,N/a,N/a,N/a,N/a,N/a,N/a,N/a,N/a,N/a,N/a,N/a,N/a,8,2,25.0,0.76,0.19,0.00,0.00,45,32.0,81,4,13,23,12,1.62,17,12,+5,+0.47,+0.21,0,4,1,5,44,6,10,N/a,N/a,0
Andrey Santos,BRA,MF,Chelsea,21-357,24,11,"1,075",11.9,0,0,0,0,0,0,4,0,0.00,0.00,0.00,0.00,0.00,N/a,N/a,N/a,N/a,N/a,N/a,N/a,N/a,N/a,N/a,N/a,N/a,N/a,N/a,N/a,9,1,11.1,0.75,0.08,0.00,0.00,45,35.1,70,3,13,23,9,1.50,17,16,+1,+0.08,-0.23,0,12,20,1,2,18,15,N/a,N/a,0
André,BRA,MF,Wolves,24-283,30,25,"2,312",25.7,1,0,1,1,0,0,9,0,0.04,0.00,0.04,0.04,0.04,N/a,N/a,N/a,N/a,N/a,N/a,N/a,N/a,N/a,N/a,N/a,N/a,N/a,N/a,N/a,12,1,8.3,0.47,0.04,0.08,1.00,77,77.8,86,19,5,34,0,0.50,16,46,-30,-1.17,-0.21,0,36,38,0,39,21,36,N/a,N/a,0
Andy Irving,SCO,MF,West Ham United,25-347,7,2,158,1.8,0,0,0,0,0,0,0,0,0.00,0.00,0.00,0.00,0.00,N/a,N/a,N/a,N/a,N/a,N/a,N/a,N/a,N/a,N/a,N/a,N/a,N/a,N/a,N/a,0,0,N/a,0.00,0.00,N/a,N/a,23,5.3,62,0,5,7,8,0.71,3,4,-1,-0.57,-0.06,0,1,0,0,12,1,4,N/a,N/a,0
Angel Gomes,ENG,"MF,FW",Wolves,25-237,9,6,381,4.2,0,0,0,0,0,0,1,0,0.00,0.00,0.00,0.00,0.00,N/a,N/a,N/a,N/a,N/a,N/a,N/a,N/a,N/a,N/a,N/a,N/a,N/a,N/a,N/a,5,2,40.0,1.18,0.47,0.00,0.00,42,12.8,56,0,3,16,0,1.00,3,7,-4,-0.94,+0.20,0,6,8,0,9,1,4,N/a,N/a,0
Anthony Elanga,SWE,"FW,MF",Newcastle United,23-363,29,14,"1,283",14.3,0,1,1,0,0,0,0,0,0.00,0.07,0.07,0.00,0.07,N/a,N/a,N/a,N/a,N/a,N/a,N/a,N/a,N/a,N/a,N/a,N/a,N/a,N/a,N/a,16,4,25.0,1.12,0.28,0.00,0.00,44,43.2,70,2,15,20,0,1.14,20,27,-7,-0.49,-0.70,0,8,22,2,79,3,11,N/a,N/a,0
Anthony Gordon,ENG,FW,Newcastle United,25-060,26,24,"1,795",19.9,6,2,8,3,3,3,3,1,0.30,0.10,0.40,0.15,0.25,N/a,N/a,N/a,N/a,N/a,N/a,N/a,N/a,N/a,N/a,N/a,N/a,N/a,N/a,N/a,48,20,41.7,2.41,1.00,0.06,0.15,69,60.4,74,4,2,13,0,1.31,24,28,-4,-0.20,-0.28,0,13,40,5,69,3,13,N/a,N/a,0
Antoine Semenyo,GHA,MF,Bournemouth,26-108,20,20,"1,798",20.0,10,3,13,9,1,2,6,0,0.50,0.15,0.65,0.45,0.60,N/a,N/a,N/a,N/a,N/a,N/a,N/a,N/a,N/a,N/a,N/a,N/a,N/a,N/a,N/a,49,27,55.1,2.45,1.35,0.18,0.33,90,58.8,90,18,0,N/a,0,1.25,31,38,-7,-0.35,-0.85,0,37,14,12,28,6,20,N/a,N/a,0
Anton Stach,GER,MF,Leeds United,27-161,26,25,"2,136",23.7,4,3,7,4,0,0,3,0,0.17,0.13,0.29,0.17,0.29,N/a,N/a,N/a,N/a,N/a,N/a,N/a,N/a,N/a,N/a,N/a,N/a,N/a,N/a,N/a,48,13,27.1,2.02,0.55,0.08,0.31,82,69.8,84,18,1,31,1,0.88,27,34,-7,-0.29,-0.29,0,32,20,0,133,18,32,N/a,N/a,0
Antonee Robinson,USA,"DF,MF",Fulham,28-260,17,13,"1,122",12.5,0,0,0,0,0,0,3,0,0.00,0.00,0.00,0.00,0.00,N/a,N/a,N/a,N/a,N/a,N/a,N/a,N/a,N/a,N/a,N/a,N/a,N/a,N/a,N/a,2,0,0.0,0.16,0.00,0.00,N/a,66,37.8,81,8,4,19,5,1.35,10,14,-4,-0.32,-0.37,0,10,5,2,65,19,20,N/a,N/a,0
Antonín Kinský,CZE,GK,Tottenham Hotspur,23-043,2,2,180,2.0,0,0,0,0,0,0,0,0,0.00,0.00,0.00,0.00,0.00,3,1.50,5,2,40.0,0,1,1,0,0.0,0,0,0,0,N/a,0,0,N/a,0.00,0.00,N/a,N/a,90,6.1,90,2,0,N/a,30,0.50,2,3,-1,-0.50,-0.18,0,0,1,0,0,0,0,N/a,N/a,0
Ao Tanaka,JPN,MF,Leeds United,27-227,24,10,"1,019",11.3,2,0,2,2,0,0,1,0,0.18,0.00,0.18,0.18,0.18,N/a,N/a,N/a,N/a,N/a,N/a,N/a,N/a,N/a,N/a,N/a,N/a,N/a,N/a,N/a,14,4,28.6,1.24,0.35,0.14,0.50,42,33.3,75,0,14,19,9,1.38,18,18,0,0.00,+0.31,0,12,7,0,29,15,11,N/a,N/a,0
Archie Gray,ENG,"MF,DF",Tottenham Hotspur,20-044,23,18,"1,469",16.3,2,2,4,2,0,0,5,0,0.12,0.12,0.25,0.12,0.25,N/a,N/a,N/a,N/a,N/a,N/a,N/a,N/a,N/a,N/a,N/a,N/a,N/a,N/a,N/a,11,5,45.5,0.67,0.31,0.18,0.40,64,49.5,78,9,5,12,7,0.74,18,28,-10,-0.61,-0.55,0,12,2,0,12,17,8,N/a,N/a,0
Armando Broja,ALB,FW,Burnley,24-227,23,8,845,9.4,1,1,2,1,0,0,0,0,0.11,0.11,0.21,0.11,0.21,N/a,N/a,N/a,N/a,N/a,N/a,N/a,N/a,N/a,N/a,N/a,N/a,N/a,N/a,N/a,16,6,37.5,1.70,0.64,0.06,0.17,37,27.6,79,2,15,14,4,0.26,11,27,-16,-1.70,-0.97,0,12,15,6,3,3,3,N/a,N/a,0
Arnaud Kalimuendo,FRA,FW,Nottingham Forest,24-095,9,0,96,1.1,0,0,0,0,0,0,0,0,0.00,0.00,0.00,0.00,0.00,N/a,N/a,N/a,N/a,N/a,N/a,N/a,N/a,N/a,N/a,N/a,N/a,N/a,N/a,N/a,4,1,25.0,3.75,0.94,0.00,0.00,11,3.1,N/a,0,9,11,9,0.22,0,3,-3,-2.81,-2.78,0,2,0,1,2,0,1,N/a,N/a,0
Arthur Masuaku,COD,DF,Sunderland,32-169,3,2,126,1.4,0,0,0,0,0,0,1,0,0.00,0.00,0.00,0.00,0.00,N/a,N/a,N/a,N/a,N/a,N/a,N/a,N/a,N/a,N/a,N/a,N/a,N/a,N/a,N/a,1,0,0.0,0.71,0.00,0.00,N/a,42,4.1,58,0,1,11,8,1.33,1,2,-1,-0.71,-0.47,0,3,0,0,8,2,2,N/a,N/a,0
Axel Disasi,FRA,DF,West Ham United,28-045,9,9,810,9.0,0,0,0,0,0,0,0,0,0.00,0.00,0.00,0.00,0.00,N/a,N/a,N/a,N/a,N/a,N/a,N/a,N/a,N/a,N/a,N/a,N/a,N/a,N/a,N/a,5,3,60.0,0.56,0.33,0.00,0.00,90,27.3,90,9,0,N/a,0,1.44,11,9,+2,+0.22,+1.01,0,5,3,1,0,5,5,N/a,N/a,1
Axel Tuanzebe,COD,DF,Burnley,28-162,11,11,931,10.3,1,0,1,1,0,0,1,0,0.10,0.00,0.10,0.10,0.10,N/a,N/a,N/a,N/a,N/a,N/a,N/a,N/a,N/a,N/a,N/a,N/a,N/a,N/a,N/a,2,1,50.0,0.19,0.10,0.50,1.00,85,30.4,85,9,0,N/a,0,0.73,13,22,-9,-0.87,+0.19,0,10,2,1,1,9,6,N/a,N/a,1
Ayden Heaven,ENG,DF,Manchester Utd,19-215,15,9,744,8.3,0,1,1,0,0,0,2,0,0.00,0.12,0.12,0.00,0.12,N/a,N/a,N/a,N/a,N/a,N/a,N/a,N/a,N/a,N/a,N/a,N/a,N/a,N/a,N/a,3,0,0.0,0.36,0.00,0.00,N/a,50,25.1,77,5,6,8,18,1.87,15,12,+3,+0.36,-0.04,0,7,6,0,1,1,11,N/a,N/a,1
Bafodé Diakité,FRA,DF,Bournemouth,25-109,18,15,"1,277",14.2,0,0,0,0,0,0,1,0,0.00,0.00,0.00,0.00,0.00,N/a,N/a,N/a,N/a,N/a,N/a,N/a,N/a,N/a,N/a,N/a,N/a,N/a,N/a,N/a,1,0,0.0,0.07,0.00,0.00,N/a,71,41.7,84,13,3,6,15,1.28,21,27,-6,-0.42,-0.73,0,8,4,2,1,10,15,N/a,N/a,0
Bart Verbruggen,NED,GK,Brighton,23-250,34,34,"3,060",34.0,0,0,0,0,0,0,3,0,0.00,0.00,0.00,0.00,0.00,39,1.15,127,92,73.2,13,11,10,9,26.5,6,5,1,0,16.7,0,0,N/a,0.00,0.00,N/a,N/a,90,100.0,90,34,0,N/a,0,1.47,48,39,+9,+0.26,N/a,0,2,2,0,0,0,1,N/a,N/a,1
Bashir Humphreys,ENG,"DF,MF",Burnley,23-041,17,15,"1,404",15.6,0,0,0,0,0,0,5,0,0.00,0.00,0.00,0.00,0.00,N/a,N/a,N/a,N/a,N/a,N/a,N/a,N/a,N/a,N/a,N/a,N/a,N/a,N/a,N/a,8,2,25.0,0.51,0.13,0.00,0.00,83,45.9,88,12,2,40,5,0.53,13,29,-16,-1.03,-0.05,0,13,8,2,16,10,16,N/a,N/a,0
Ben Davies,WAL,DF,Tottenham Hotspur,33-001,3,2,137,1.5,1,0,1,1,0,0,1,0,0.66,0.00,0.66,0.66,0.66,N/a,N/a,N/a,N/a,N/a,N/a,N/a,N/a,N/a,N/a,N/a,N/a,N/a,N/a,N/a,2,2,100.0,1.31,1.31,0.50,0.50,46,4.6,53,0,1,32,11,0.33,1,3,-2,-1.31,-1.03,0,2,0,0,3,1,4,N/a,N/a,0
Ben White,ENG,DF,Arsenal,28-199,9,6,503,5.6,0,1,1,0,0,0,0,0,0.00,0.18,0.18,0.00,0.18,N/a,N/a,N/a,N/a,N/a,N/a,N/a,N/a,N/a,N/a,N/a,N/a,N/a,N/a,N/a,5,1,20.0,0.89,0.18,0.00,0.00,56,16.9,74,3,3,19,17,1.44,6,6,0,0.00,-1.35,0,5,5,2,14,6,9,N/a,N/a,0
Benjamin Šeško,SVN,FW,Manchester Utd,22-329,28,15,"1,511",16.8,9,1,10,9,0,0,2,0,0.54,0.06,0.60,0.54,0.60,N/a,N/a,N/a,N/a,N/a,N/a,N/a,N/a,N/a,N/a,N/a,N/a,N/a,N/a,N/a,57,31,54.4,3.40,1.85,0.16,0.29,54,50.9,81,8,13,23,1,1.71,33,29,+4,+0.24,-0.32,0,15,4,5,2,3,3,N/a,N/a,0
Benoît Badiashile,FRA,DF,Chelsea,25-030,8,6,471,5.2,0,0,0,0,0,0,2,0,0.00,0.00,0.00,0.00,0.00,N/a,N/a,N/a,N/a,N/a,N/a,N/a,N/a,N/a,N/a,N/a,N/a,N/a,N/a,N/a,0,0,N/a,0.00,0.00,N/a,N/a,59,15.4,69,3,2,29,11,1.63,7,10,-3,-0.57,-0.96,0,6,2,0,0,9,5,N/a,N/a,0
Bernardo Silva,POR,MF,Manchester City,31-258,33,29,"2,505",27.8,2,4,6,2,0,0,9,0,0.07,0.14,0.22,0.07,0.22,N/a,N/a,N/a,N/a,N/a,N/a,N/a,N/a,N/a,N/a,N/a,N/a,N/a,N/a,N/a,23,6,26.1,0.83,0.22,0.09,0.33,76,84.3,83,13,4,23,0,2.12,59,25,+34,+1.22,+0.64,0,35,21,5,58,17,20,N/a,N/a,0
Bernd Leno,GER,GK,Fulham,34-052,33,33,"2,970",33.0,0,0,0,0,0,0,3,0,0.00,0.00,0.00,0.00,0.00,46,1.39,127,84,66.1,13,6,14,7,21.2,4,3,0,1,0.0,0,0,N/a,0.00,0.00,N/a,N/a,90,100.0,90,33,0,N/a,0,1.36,43,46,-3,-0.09,N/a,0,0,5,0,0,1,1,N/a,N/a,1
Bertrand Traoré,BFA,"MF,FW",Sunderland,30-231,12,9,632,7.0,1,0,1,1,0,0,1,0,0.14,0.00,0.14,0.14,0.14,N/a,N/a,N/a,N/a,N/a,N/a,N/a,N/a,N/a,N/a,N/a,N/a,N/a,N/a,N/a,12,6,50.0,1.71,0.85,0.08,0.17,53,20.7,64,0,3,19,3,1.75,7,9,-2,-0.28,-0.03,0,11,12,1,13,2,4,N/a,N/a,0
Beto,GNB,FW,Everton,28-084,33,14,"1,357",15.1,8,1,9,8,0,0,2,0,0.53,0.07,0.60,0.53,0.60,N/a,N/a,N/a,N/a,N/a,N/a,N/a,N/a,N/a,N/a,N/a,N/a,N/a,N/a,N/a,38,16,42.1,2.52,1.06,0.21,0.50,41,45.7,72,1,19,18,0,1.42,22,16,+6,+0.40,+0.68,0,29,11,8,2,1,5,N/a,N/a,0
Boubacar Kamara,FRA,MF,Aston Villa,26-153,18,17,"1,411",15.7,1,3,4,1,0,0,5,0,0.06,0.19,0.26,0.06,0.26,N/a,N/a,N/a,N/a,N/a,N/a,N/a,N/a,N/a,N/a,N/a,N/a,N/a,N/a,N/a,7,4,57.1,0.45,0.26,0.14,0.25,78,47.5,82,9,1,19,0,2.33,26,15,+11,+0.70,+0.99,0,16,30,0,2,15,16,N/a,N/a,0
Brajan Gruda,GER,MF,Brighton,21-329,18,8,719,8.0,1,1,2,1,0,0,2,0,0.13,0.13,0.25,0.13,0.25,N/a,N/a,N/a,N/a,N/a,N/a,N/a,N/a,N/a,N/a,N/a,N/a,N/a,N/a,N/a,16,6,37.5,2.00,0.75,0.06,0.17,40,23.5,69,0,10,17,1,1.28,14,11,+3,+0.38,+0.14,0,11,14,2,14,2,5,N/a,N/a,0
Brenden Aaronson,USA,"MF,FW",Leeds United,25-185,33,27,"2,220",24.7,4,5,9,4,0,0,2,0,0.16,0.20,0.36,0.16,0.36,N/a,N/a,N/a,N/a,N/a,N/a,N/a,N/a,N/a,N/a,N/a,N/a,N/a,N/a,N/a,43,16,37.2,1.74,0.65,0.09,0.25,67,72.5,78,2,6,21,1,1.12,35,28,+7,+0.28,+1.78,0,19,47,5,36,15,22,N/a,N/a,0
Brennan Johnson,WAL,"MF,FW",Tottenham Hotspur,24-337,16,6,610,6.8,2,0,2,2,0,0,2,0,0.30,0.00,0.30,0.30,0.30,N/a,N/a,N/a,N/a,N/a,N/a,N/a,N/a,N/a,N/a,N/a,N/a,N/a,N/a,N/a,6,2,33.3,0.89,0.30,0.33,1.00,38,20.5,77,1,10,15,2,1.38,13,5,+8,+1.18,+1.90,0,2,4,8,23,2,9,N/a,N/a,0
Brian Brobbey,NED,FW,Sunderland,24-083,27,18,"1,630",18.1,6,1,7,6,0,0,5,0,0.33,0.06,0.39,0.33,0.39,N/a,N/a,N/a,N/a,N/a,N/a,N/a,N/a,N/a,N/a,N/a,N/a,N/a,N/a,N/a,27,14,51.9,1.49,0.77,0.22,0.43,60,53.3,79,5,9,22,2,1.19,16,27,-11,-0.61,-0.73,0,24,30,8,2,0,2,N/a,N/a,0
Bruno Fernandes,POR,MF,Manchester Utd,31-229,30,30,"2,614",29.0,8,18,26,4,4,6,4,0,0.28,0.62,0.90,0.14,0.76,N/a,N/a,N/a,N/a,N/a,N/a,N/a,N/a,N/a,N/a,N/a,N/a,N/a,N/a,N/a,75,21,28.0,2.58,0.72,0.05,0.19,87,88.0,87,25,0,N/a,0,1.77,55,41,+14,+0.48,+0.73,0,21,34,4,153,16,31,N/a,N/a,0
Bruno Guimarães,BRA,MF,Newcastle United,28-160,24,22,"2,046",22.7,9,4,13,7,2,2,5,0,0.40,0.18,0.57,0.31,0.48,N/a,N/a,N/a,N/a,N/a,N/a,N/a,N/a,N/a,N/a,N/a,N/a,N/a,N/a,N/a,33,18,54.5,1.45,0.79,0.21,0.39,85,68.9,90,18,2,37,1,1.46,37,31,+6,+0.26,+1.14,0,34,54,1,64,13,36,N/a,N/a,0
Bryan Mbeumo,CMR,"MF,FW",Manchester Utd,26-261,28,27,"2,294",25.5,9,3,12,9,0,0,4,0,0.35,0.12,0.47,0.35,0.47,N/a,N/a,N/a,N/a,N/a,N/a,N/a,N/a,N/a,N/a,N/a,N/a,N/a,N/a,N/a,61,30,49.2,2.39,1.18,0.15,0.30,82,77.2,84,13,1,21,0,1.86,47,32,+15,+0.59,+0.85,0,22,27,7,91,6,10,N/a,N/a,0
Bukayo Saka,ENG,"FW,MF",Arsenal,24-232,27,22,"1,998",22.2,6,3,9,5,1,1,1,0,0.27,0.14,0.41,0.23,0.36,N/a,N/a,N/a,N/a,N/a,N/a,N/a,N/a,N/a,N/a,N/a,N/a,N/a,N/a,N/a,63,26,41.3,2.84,1.17,0.08,0.19,74,67.3,84,14,5,31,0,2.26,42,16,+26,+1.17,+0.15,0,28,51,14,111,14,15,N/a,N/a,0
Callum Hudson-Odoi,ENG,MF,Nottingham Forest,25-169,30,21,"1,841",20.5,3,4,7,3,0,0,0,0,0.15,0.20,0.34,0.15,0.34,N/a,N/a,N/a,N/a,N/a,N/a,N/a,N/a,N/a,N/a,N/a,N/a,N/a,N/a,N/a,30,10,33.3,1.47,0.49,0.10,0.30,61,60.2,75,4,9,31,0,1.00,21,26,-5,-0.24,-0.32,0,12,12,2,91,8,7,N/a,N/a,0
Callum Wilson,ENG,"FW,MF",West Ham United,34-057,27,10,"1,074",11.9,5,1,6,5,0,0,0,0,0.42,0.08,0.50,0.42,0.50,N/a,N/a,N/a,N/a,N/a,N/a,N/a,N/a,N/a,N/a,N/a,N/a,N/a,N/a,N/a,32,12,37.5,2.68,1.01,0.16,0.42,40,36.2,67,1,17,24,5,1.15,18,19,-1,-0.08,+0.68,0,10,12,8,4,3,1,N/a,N/a,0
Calvin Bassey,NGA,DF,Fulham,26-115,25,23,"2,084",23.2,1,0,1,1,0,0,5,0,0.04,0.00,0.04,0.04,0.04,N/a,N/a,N/a,N/a,N/a,N/a,N/a,N/a,N/a,N/a,N/a,N/a,N/a,N/a,N/a,12,1,8.3,0.52,0.04,0.08,1.00,83,70.2,90,23,2,7,2,1.24,32,35,-3,-0.13,-0.13,0,25,31,1,9,17,22,N/a,N/a,0
Caoimhín Kelleher,IRL,GK,Brentford,27-153,32,32,"2,880",32.0,0,0,0,0,0,0,1,0,0.00,0.00,0.00,0.00,0.00,41,1.28,115,81,67.8,12,9,11,9,28.1,7,4,3,0,42.9,0,0,N/a,0.00,0.00,N/a,N/a,90,97.0,90,32,0,N/a,0,1.41,44,41,+3,+0.09,-0.91,0,2,6,0,0,1,0,N/a,N/a,0
Carlos Alcaraz,ARG,MF,Everton,23-146,16,6,675,7.5,0,1,1,0,0,0,3,0,0.00,0.13,0.13,0.00,0.13,N/a,N/a,N/a,N/a,N/a,N/a,N/a,N/a,N/a,N/a,N/a,N/a,N/a,N/a,N/a,18,5,27.8,2.40,0.67,0.00,0.00,42,22.7,75,0,10,23,7,1.31,7,8,-1,-0.13,-0.21,0,8,11,1,5,2,8,N/a,N/a,0
Carlos Baleba,CMR,MF,Brighton,22-112,27,20,"1,385",15.4,0,0,0,0,0,0,5,0,0.00,0.00,0.00,0.00,0.00,N/a,N/a,N/a,N/a,N/a,N/a,N/a,N/a,N/a,N/a,N/a,N/a,N/a,N/a,N/a,15,1,6.7,0.97,0.06,0.00,0.00,51,45.3,65,3,7,13,1,1.48,17,18,-1,-0.06,-0.60,0,28,16,0,0,25,16,N/a,N/a,0
Casemiro,BRA,MF,Manchester Utd,34-061,31,30,"2,311",25.7,8,2,10,8,0,0,10,1,0.31,0.08,0.39,0.31,0.39,N/a,N/a,N/a,N/a,N/a,N/a,N/a,N/a,N/a,N/a,N/a,N/a,N/a,N/a,N/a,45,16,35.6,1.75,0.62,0.18,0.50,75,77.8,77,11,1,11,0,1.87,47,26,+21,+0.82,+1.91,1,44,31,4,19,24,39,N/a,N/a,0
Chadi Riad,MAR,DF,Crystal Palace,22-312,6,3,314,3.5,0,1,1,0,0,0,2,0,0.00,0.29,0.29,0.00,0.29,N/a,N/a,N/a,N/a,N/a,N/a,N/a,N/a,N/a,N/a,N/a,N/a,N/a,N/a,N/a,2,1,50.0,0.57,0.29,0.00,0.00,52,10.9,74,1,3,31,5,1.17,5,3,+2,+0.57,+0.68,0,4,2,0,6,1,3,N/a,N/a,0
Charalampos Kostoulas,GRE,FW,Brighton,18-330,17,2,314,3.5,2,1,3,2,0,0,2,0,0.57,0.29,0.86,0.57,0.86,N/a,N/a,N/a,N/a,N/a,N/a,N/a,N/a,N/a,N/a,N/a,N/a,N/a,N/a,N/a,16,6,37.5,4.59,1.72,0.13,0.33,18,10.3,76,0,15,11,8,0.94,8,7,+1,+0.29,+0.02,0,7,7,2,5,1,6,N/a,N/a,0
Chemsdine Talbi,MAR,"MF,FW",Sunderland,20-351,25,14,"1,362",15.1,4,1,5,4,0,0,0,0,0.26,0.07,0.33,0.26,0.33,N/a,N/a,N/a,N/a,N/a,N/a,N/a,N/a,N/a,N/a,N/a,N/a,N/a,N/a,N/a,22,9,40.9,1.45,0.59,0.18,0.44,54,44.5,77,1,11,25,3,1.44,20,13,+7,+0.46,+1.31,0,5,1,1,41,3,5,N/a,N/a,0
Chris Richards,USA,DF,Crystal Palace,26-028,28,28,"2,512",27.9,1,0,1,1,0,0,3,0,0.04,0.00,0.04,0.04,0.04,N/a,N/a,N/a,N/a,N/a,N/a,N/a,N/a,N/a,N/a,N/a,N/a,N/a,N/a,N/a,10,1,10.0,0.36,0.04,0.10,1.00,90,87.2,90,27,0,N/a,1,1.46,34,32,+2,+0.07,+0.81,0,14,3,0,12,41,32,N/a,N/a,0
Chris Rigg,ENG,MF,Sunderland,18-311,16,11,746,8.3,1,0,1,1,0,0,1,0,0.12,0.00,0.12,0.12,0.12,N/a,N/a,N/a,N/a,N/a,N/a,N/a,N/a,N/a,N/a,N/a,N/a,N/a,N/a,N/a,12,3,25.0,1.45,0.36,0.08,0.33,47,24.4,65,2,5,6,16,1.63,8,11,-3,-0.36,-0.13,0,8,8,2,10,3,8,N/a,N/a,0
Chris Wood,NZL,FW,Nottingham Forest,34-139,11,9,728,8.1,3,0,3,3,0,0,0,0,0.37,0.00,0.37,0.37,0.37,N/a,N/a,N/a,N/a,N/a,N/a,N/a,N/a,N/a,N/a,N/a,N/a,N/a,N/a,N/a,20,8,40.0,2.47,0.99,0.15,0.38,66,23.8,76,0,2,22,0,1.09,11,9,+2,+0.25,+0.48,0,5,5,4,1,1,1,N/a,N/a,0
Christantus Uche,NGA,FW,Crystal Palace,22-341,14,0,173,1.9,0,0,0,0,0,0,0,0,0.00,0.00,0.00,0.00,0.00,N/a,N/a,N/a,N/a,N/a,N/a,N/a,N/a,N/a,N/a,N/a,N/a,N/a,N/a,N/a,6,2,33.3,3.12,1.04,0.00,0.00,12,6.0,N/a,0,14,12,11,0.64,3,4,-1,-0.52,-0.52,0,4,7,3,6,0,1,N/a,N/a,0
Cody Gakpo,NED,"MF,FW",Liverpool,26-353,31,27,"2,318",25.8,6,5,11,6,0,0,2,0,0.23,0.19,0.43,0.23,0.43,N/a,N/a,N/a,N/a,N/a,N/a,N/a,N/a,N/a,N/a,N/a,N/a,N/a,N/a,N/a,78,19,24.4,3.03,0.74,0.08,0.32,75,78.0,82,13,4,28,0,1.58,40,30,+10,+0.39,+0.25,0,37,40,22,84,9,14,N/a,N/a,0
Cole Palmer,ENG,"MF,FW",Chelsea,23-354,22,20,"1,597",17.7,9,1,10,4,5,5,4,0,0.51,0.06,0.56,0.23,0.28,N/a,N/a,N/a,N/a,N/a,N/a,N/a,N/a,N/a,N/a,N/a,N/a,N/a,N/a,N/a,53,20,37.7,2.99,1.13,0.08,0.20,73,52.2,77,9,2,33,1,1.05,27,26,+1,+0.06,-0.37,0,12,27,2,30,12,11,N/a,N/a,0
Conor Bradley,NIR,DF,Liverpool,22-290,15,12,929,10.3,0,1,1,0,0,0,5,0,0.00,0.10,0.10,0.00,0.10,N/a,N/a,N/a,N/a,N/a,N/a,N/a,N/a,N/a,N/a,N/a,N/a,N/a,N/a,N/a,6,0,0.0,0.58,0.00,0.00,N/a,62,31.3,70,3,3,29,1,1.47,11,13,-2,-0.19,-0.77,0,18,20,1,23,12,15,N/a,N/a,0
Conor Gallagher,ENG,MF,Tottenham Hotspur,26-078,11,9,744,8.3,0,1,1,0,0,0,0,0,0.00,0.12,0.12,0.00,0.12,N/a,N/a,N/a,N/a,N/a,N/a,N/a,N/a,N/a,N/a,N/a,N/a,N/a,N/a,N/a,6,2,33.3,0.73,0.24,0.00,0.00,68,25.1,77,2,2,28,0,0.27,7,19,-12,-1.45,-1.49,0,15,17,0,16,13,6,N/a,N/a,0
Cristhian Mosquera,ESP,DF,Arsenal,21-302,16,7,761,8.5,0,0,0,0,0,0,3,0,0.00,0.00,0.00,0.00,0.00,N/a,N/a,N/a,N/a,N/a,N/a,N/a,N/a,N/a,N/a,N/a,N/a,N/a,N/a,N/a,1,0,0.0,0.12,0.00,0.00,N/a,48,25.6,71,3,9,30,10,1.94,13,7,+6,+0.71,-0.55,0,12,4,1,1,8,19,N/a,N/a,0
Cristian Romero,ARG,DF,Tottenham Hotspur,27-363,23,22,"1,868",20.8,4,1,5,4,0,0,11,2,0.19,0.05,0.24,0.19,0.24,N/a,N/a,N/a,N/a,N/a,N/a,N/a,N/a,N/a,N/a,N/a,N/a,N/a,N/a,N/a,17,6,35.3,0.82,0.29,0.24,0.67,81,62.9,84,15,1,31,0,1.00,26,31,-5,-0.24,+0.25,1,32,16,1,1,31,30,N/a,N/a,0
Crysencio Summerville,NED,"MF,FW",West Ham United,24-177,26,24,"2,023",22.5,5,1,6,5,0,0,4,0,0.22,0.04,0.27,0.22,0.27,N/a,N/a,N/a,N/a,N/a,N/a,N/a,N/a,N/a,N/a,N/a,N/a,N/a,N/a,N/a,47,15,31.9,2.09,0.67,0.11,0.33,78,68.1,83,10,2,19,0,1.15,28,34,-6,-0.27,+0.78,0,42,52,6,46,12,20,N/a,N/a,0
Curtis Jones,ENG,MF,Liverpool,25-085,29,13,"1,491",16.6,0,1,1,0,0,0,1,0,0.00,0.06,0.06,0.00,0.06,N/a,N/a,N/a,N/a,N/a,N/a,N/a,N/a,N/a,N/a,N/a,N/a,N/a,N/a,N/a,19,6,31.6,1.15,0.36,0.00,0.00,51,50.2,81,5,16,28,2,1.55,30,28,+2,+0.12,-0.43,0,11,23,0,8,12,17,N/a,N/a,0
Daichi Kamada,JPN,MF,Crystal Palace,29-263,22,17,"1,526",17.0,0,0,0,0,0,0,2,0,0.00,0.00,0.00,0.00,0.00,N/a,N/a,N/a,N/a,N/a,N/a,N/a,N/a,N/a,N/a,N/a,N/a,N/a,N/a,N/a,16,4,25.0,0.94,0.24,0.00,0.00,69,53.0,83,5,5,23,0,1.73,27,17,+10,+0.59,+1.32,0,27,20,1,34,10,29,N/a,N/a,0
Dan Burn,ENG,DF,Newcastle United,33-351,24,21,"1,830",20.3,0,2,2,0,0,0,9,1,0.00,0.10,0.10,0.00,0.10,N/a,N/a,N/a,N/a,N/a,N/a,N/a,N/a,N/a,N/a,N/a,N/a,N/a,N/a,N/a,6,1,16.7,0.30,0.05,0.00,0.00,76,61.6,85,18,3,12,2,1.17,28,29,-1,-0.05,+0.11,1,33,9,2,11,16,21,N/a,N/a,0
Dan Ndoye,SUI,MF,Nottingham Forest,25-182,24,14,"1,173",13.0,1,1,2,1,0,0,1,0,0.08,0.08,0.15,0.08,0.15,N/a,N/a,N/a,N/a,N/a,N/a,N/a,N/a,N/a,N/a,N/a,N/a,N/a,N/a,N/a,15,4,26.7,1.15,0.31,0.07,0.25,49,38.3,71,3,10,18,4,1.08,15,17,-2,-0.15,-0.06,0,16,22,9,41,10,11,N/a,N/a,0
Dango Ouattara,BFA,MF,Brentford,24-073,27,21,"1,894",21.0,5,3,8,5,0,0,4,0,0.24,0.14,0.38,0.24,0.38,N/a,N/a,N/a,N/a,N/a,N/a,N/a,N/a,N/a,N/a,N/a,N/a,N/a,N/a,N/a,41,16,39.0,1.95,0.76,0.12,0.31,70,63.8,83,9,6,25,0,1.30,28,28,0,0.00,-0.33,0,24,32,8,86,23,11,N/a,N/a,0
Daniel Ballard,NIR,DF,Sunderland,26-215,28,23,"2,126",23.6,2,0,2,2,0,0,4,0,0.08,0.00,0.08,0.08,0.08,N/a,N/a,N/a,N/a,N/a,N/a,N/a,N/a,N/a,N/a,N/a,N/a,N/a,N/a,N/a,26,9,34.6,1.10,0.38,0.08,0.22,76,69.5,85,20,5,35,0,1.21,28,34,-6,-0.25,+0.04,0,28,28,3,1,20,17,N/a,N/a,0
Daniel Bentley,ENG,GK,Wolves,32-286,1,1,90,1.0,0,0,0,0,0,0,0,0,0.00,0.00,0.00,0.00,0.00,3,3.00,5,3,60.0,0,0,1,0,0.0,1,1,0,0,0.0,0,0,N/a,0.00,0.00,N/a,N/a,90,3.0,90,1,0,N/a,3,0.00,0,3,-3,-3.00,-1.94,0,0,0,0,0,0,0,N/a,N/a,0
Daniel James,WAL,FW,Leeds United,28-166,15,4,416,4.6,0,0,0,0,0,0,0,0,0.00,0.00,0.00,0.00,0.00,N/a,N/a,N/a,N/a,N/a,N/a,N/a,N/a,N/a,N/a,N/a,N/a,N/a,N/a,N/a,10,2,20.0,2.16,0.43,0.00,0.00,28,13.6,62,0,11,15,4,0.80,0,13,-13,-2.81,-3.02,0,1,7,1,42,1,4,N/a,N/a,0
Daniel Muñoz,COL,MF,Crystal Palace,29-334,23,23,"1,958",21.8,3,2,5,3,0,0,6,0,0.14,0.09,0.23,0.14,0.23,N/a,N/a,N/a,N/a,N/a,N/a,N/a,N/a,N/a,N/a,N/a,N/a,N/a,N/a,N/a,21,9,42.9,0.97,0.41,0.14,0.33,85,68.0,85,19,0,N/a,0,1.61,26,21,+5,+0.23,+0.82,0,32,16,6,56,22,37,N/a,N/a,0
Danny Welbeck,ENG,FW,Brighton,35-150,33,22,"1,982",22.0,13,0,13,12,1,3,5,0,0.59,0.00,0.59,0.54,0.54,N/a,N/a,N/a,N/a,N/a,N/a,N/a,N/a,N/a,N/a,N/a,N/a,N/a,N/a,N/a,50,25,50.0,2.27,1.14,0.24,0.48,60,64.8,81,7,11,18,0,1.48,30,23,+7,+0.32,+0.15,0,23,8,4,3,8,11,N/a,N/a,0
David Brooks,WAL,MF,Bournemouth,28-291,28,13,"1,164",12.9,1,2,3,1,0,0,7,0,0.08,0.15,0.23,0.08,0.23,N/a,N/a,N/a,N/a,N/a,N/a,N/a,N/a,N/a,N/a,N/a,N/a,N/a,N/a,N/a,45,12,26.7,3.48,0.93,0.02,0.08,42,38.0,67,0,15,20,1,1.43,20,19,+1,+0.08,+0.12,0,11,12,2,59,4,11,N/a,N/a,0
David Møller Wolfe,NOR,"MF,DF",Wolves,24-002,18,9,846,9.4,0,2,2,0,0,0,1,0,0.00,0.21,0.21,0.00,0.21,N/a,N/a,N/a,N/a,N/a,N/a,N/a,N/a,N/a,N/a,N/a,N/a,N/a,N/a,N/a,3,0,0.0,0.32,0.00,0.00,N/a,47,28.5,80,4,9,14,14,0.50,4,20,-16,-1.70,-0.81,0,7,4,0,26,6,5,N/a,N/a,0
David Raya,ESP,GK,Arsenal,30-222,33,33,"2,970",33.0,0,0,0,0,0,0,1,0,0.00,0.00,0.00,0.00,0.00,26,0.79,79,52,67.1,21,7,5,15,45.5,0,0,0,0,N/a,0,0,N/a,0.00,0.00,N/a,N/a,90,100.0,90,33,0,N/a,0,2.12,63,26,+37,+1.12,N/a,0,0,11,0,1,1,1,N/a,N/a,0
Dean Henderson,ENG,GK,Crystal Palace,29-044,31,31,"2,790",31.0,0,0,0,0,0,0,3,0,0.00,0.00,0.00,0.00,0.00,36,1.16,121,89,73.6,11,9,11,11,35.5,5,4,1,0,20.0,0,0,N/a,0.00,0.00,N/a,N/a,90,96.9,90,31,0,N/a,0,1.35,35,36,-1,-0.03,-0.03,0,1,5,0,0,1,0,N/a,N/a,0
Declan Rice,ENG,MF,Arsenal,27-101,32,31,"2,761",30.7,4,5,9,4,0,0,2,0,0.13,0.16,0.29,0.13,0.29,N/a,N/a,N/a,N/a,N/a,N/a,N/a,N/a,N/a,N/a,N/a,N/a,N/a,N/a,N/a,40,13,32.5,1.30,0.42,0.10,0.31,86,93.0,88,26,1,23,0,2.09,56,25,+31,+1.01,-1.57,0,22,8,1,159,28,31,N/a,N/a,0
Dennis Cirkin,LVA,DF,Sunderland,24-019,7,3,304,3.4,0,0,0,0,0,0,1,0,0.00,0.00,0.00,0.00,0.00,N/a,N/a,N/a,N/a,N/a,N/a,N/a,N/a,N/a,N/a,N/a,N/a,N/a,N/a,N/a,1,0,0.0,0.30,0.00,0.00,N/a,43,9.9,79,2,4,17,8,0.86,2,2,0,0.00,+0.29,0,3,2,0,3,5,5,N/a,N/a,0
Destiny Udogie,ITA,"DF,MF",Tottenham Hotspur,23-148,16,10,"1,008",11.2,0,1,1,0,0,0,3,0,0.00,0.09,0.09,0.00,0.09,N/a,N/a,N/a,N/a,N/a,N/a,N/a,N/a,N/a,N/a,N/a,N/a,N/a,N/a,N/a,3,1,33.3,0.27,0.09,0.00,0.00,63,33.9,84,6,6,29,1,0.81,14,21,-7,-0.62,-0.44,0,14,18,3,22,4,14,N/a,N/a,0
Diego Coppola,ITA,DF,Brighton,22-118,5,2,194,2.2,0,0,0,0,0,0,2,0,0.00,0.00,0.00,0.00,0.00,N/a,N/a,N/a,N/a,N/a,N/a,N/a,N/a,N/a,N/a,N/a,N/a,N/a,N/a,N/a,0,0,N/a,0.00,0.00,N/a,N/a,39,6.3,88,1,3,6,17,1.60,1,3,-2,-0.93,-1.27,0,4,0,0,0,1,2,N/a,N/a,0
Diego Gómez,PAR,"MF,FW",Brighton,23-029,30,25,"2,036",22.6,5,1,6,5,0,0,9,0,0.22,0.04,0.27,0.22,0.27,N/a,N/a,N/a,N/a,N/a,N/a,N/a,N/a,N/a,N/a,N/a,N/a,N/a,N/a,N/a,36,14,38.9,1.59,0.62,0.14,0.36,68,66.5,76,2,5,28,0,1.50,26,25,+1,+0.04,-0.66,0,49,10,1,22,17,48,N/a,N/a,0
Dilane Bakwa,FRA,MF,Nottingham Forest,23-242,11,4,390,4.3,0,1,1,0,0,0,1,0,0.00,0.23,0.23,0.00,0.23,N/a,N/a,N/a,N/a,N/a,N/a,N/a,N/a,N/a,N/a,N/a,N/a,N/a,N/a,N/a,8,3,37.5,1.85,0.69,0.00,0.00,35,12.7,61,0,7,21,7,0.64,4,9,-5,-1.15,-1.19,0,9,9,0,30,0,2,N/a,N/a,0
Diogo Dalot,POR,"MF,DF",Manchester Utd,27-038,31,26,"2,344",26.0,1,3,4,1,0,0,5,0,0.04,0.12,0.15,0.04,0.15,N/a,N/a,N/a,N/a,N/a,N/a,N/a,N/a,N/a,N/a,N/a,N/a,N/a,N/a,N/a,22,6,27.3,0.84,0.23,0.05,0.17,76,78.9,85,19,5,27,0,1.77,50,35,+15,+0.58,+0.86,0,22,14,4,53,24,28,N/a,N/a,0
Djed Spence,ENG,"DF,MF",Tottenham Hotspur,25-259,25,21,"1,823",20.3,0,0,0,0,0,0,4,0,0.00,0.00,0.00,0.00,0.00,N/a,N/a,N/a,N/a,N/a,N/a,N/a,N/a,N/a,N/a,N/a,N/a,N/a,N/a,N/a,11,7,63.6,0.54,0.35,0.00,0.00,73,61.4,82,14,4,23,4,1.04,27,30,-3,-0.15,+0.48,0,23,18,2,44,11,21,N/a,N/a,0
Dominic Calvert-Lewin,ENG,FW,Leeds United,29-040,31,26,"2,384",26.5,11,1,12,8,3,4,1,0,0.42,0.04,0.45,0.30,0.34,N/a,N/a,N/a,N/a,N/a,N/a,N/a,N/a,N/a,N/a,N/a,N/a,N/a,N/a,N/a,66,30,45.5,2.49,1.13,0.12,0.27,77,77.9,87,15,5,25,0,1.16,37,31,+6,+0.23,+1.96,0,42,35,22,7,2,4,N/a,N/a,0
Dominic Solanke,ENG,FW,Tottenham Hotspur,28-223,14,10,962,10.7,3,0,3,3,0,0,1,0,0.28,0.00,0.28,0.28,0.28,N/a,N/a,N/a,N/a,N/a,N/a,N/a,N/a,N/a,N/a,N/a,N/a,N/a,N/a,N/a,20,11,55.0,1.87,1.03,0.15,0.27,69,32.4,87,7,4,23,0,0.71,11,21,-10,-0.94,-0.89,0,10,8,3,2,3,14,N/a,N/a,0
Dominik Szoboszlai,HUN,"MF,DF",Liverpool,25-182,31,31,"2,781",30.9,5,4,9,5,0,1,7,1,0.16,0.13,0.29,0.16,0.29,N/a,N/a,N/a,N/a,N/a,N/a,N/a,N/a,N/a,N/a,N/a,N/a,N/a,N/a,N/a,61,19,31.1,1.97,0.61,0.08,0.26,90,93.6,90,29,0,N/a,0,1.58,51,41,+10,+0.32,-0.15,0,32,26,2,171,26,29,N/a,N/a,0
Donyell Malen,NED,"FW,MF",Aston Villa,27-106,21,5,656,7.3,4,1,5,4,0,0,0,0,0.55,0.14,0.69,0.55,0.69,N/a,N/a,N/a,N/a,N/a,N/a,N/a,N/a,N/a,N/a,N/a,N/a,N/a,N/a,N/a,27,9,33.3,3.70,1.23,0.15,0.44,31,22.1,71,0,16,19,0,2.05,11,10,+1,+0.14,-0.06,0,2,6,1,7,0,2,N/a,N/a,0
Douglas Luiz,BRA,MF,Aston Villa,27-351,9,6,503,5.6,1,0,1,1,0,0,0,0,0.18,0.00,0.18,0.18,0.18,N/a,N/a,N/a,N/a,N/a,N/a,N/a,N/a,N/a,N/a,N/a,N/a,N/a,N/a,N/a,5,3,60.0,0.89,0.54,0.20,0.33,56,16.9,76,1,3,16,1,1.00,3,6,-3,-0.54,-0.87,0,8,8,0,27,4,9,N/a,N/a,0
Dwight McNeil,ENG,MF,Everton,26-154,20,13,"1,101",12.2,0,1,1,0,0,0,1,0,0.00,0.08,0.08,0.00,0.08,N/a,N/a,N/a,N/a,N/a,N/a,N/a,N/a,N/a,N/a,N/a,N/a,N/a,N/a,N/a,23,5,21.7,1.88,0.41,0.00,0.00,55,37.1,77,3,7,14,11,1.60,14,7,+7,+0.57,+0.86,0,10,6,1,39,9,13,N/a,N/a,0
Eberechi Eze,ENG,"MF,FW",Arsenal,27-300,27,17,"1,529",17.0,6,2,8,6,0,0,1,0,0.35,0.12,0.47,0.35,0.47,N/a,N/a,N/a,N/a,N/a,N/a,N/a,N/a,N/a,N/a,N/a,N/a,N/a,N/a,N/a,44,14,31.8,2.59,0.82,0.14,0.43,57,51.5,75,5,10,25,4,1.93,32,13,+19,+1.12,-0.01,0,14,31,1,7,10,12,N/a,N/a,0
Eddie Nketiah,ENG,MF,Crystal Palace,26-330,12,2,424,4.7,2,0,2,2,0,0,2,0,0.42,0.00,0.42,0.42,0.42,N/a,N/a,N/a,N/a,N/a,N/a,N/a,N/a,N/a,N/a,N/a,N/a,N/a,N/a,N/a,15,6,40.0,3.18,1.27,0.13,0.33,35,14.7,70,0,10,28,0,1.33,6,12,-6,-1.27,-1.46,0,7,7,3,0,2,6,N/a,N/a,0
El Hadji Malick Diouf,SEN,"DF,MF",West Ham United,21-118,27,25,"2,274",25.3,0,5,5,0,0,0,5,0,0.00,0.20,0.20,0.00,0.20,N/a,N/a,N/a,N/a,N/a,N/a,N/a,N/a,N/a,N/a,N/a,N/a,N/a,N/a,N/a,16,2,12.5,0.63,0.08,0.00,0.00,84,76.6,88,20,2,33,0,1.07,32,40,-8,-0.32,+0.85,0,25,21,2,84,28,14,N/a,N/a,0
Eli Junior Kroupi,FRA,"MF,FW",Bournemouth,19-306,29,17,"1,378",15.3,11,0,11,10,1,1,5,0,0.72,0.00,0.72,0.65,0.65,N/a,N/a,N/a,N/a,N/a,N/a,N/a,N/a,N/a,N/a,N/a,N/a,N/a,N/a,N/a,39,18,46.2,2.55,1.18,0.26,0.56,48,45.0,70,0,12,16,5,1.38,26,20,+6,+0.39,+0.71,0,20,10,4,9,8,6,N/a,N/a,0
Eliezer Mayenda,ESP,"FW,MF",Sunderland,20-352,19,8,758,8.4,2,0,2,2,0,0,0,0,0.24,0.00,0.24,0.24,0.24,N/a,N/a,N/a,N/a,N/a,N/a,N/a,N/a,N/a,N/a,N/a,N/a,N/a,N/a,N/a,13,6,46.2,1.54,0.71,0.15,0.33,40,24.8,74,1,11,15,15,1.26,8,9,-1,-0.12,+0.19,0,6,11,3,1,1,3,N/a,N/a,0
Elliot Anderson,ENG,MF,Nottingham Forest,23-170,34,34,"3,042",33.8,3,2,5,2,1,1,7,0,0.09,0.06,0.15,0.06,0.12,N/a,N/a,N/a,N/a,N/a,N/a,N/a,N/a,N/a,N/a,N/a,N/a,N/a,N/a,N/a,40,9,22.5,1.18,0.27,0.05,0.22,89,99.4,89,31,0,N/a,0,1.15,41,44,-3,-0.09,+4.91,0,52,73,2,166,38,56,N/a,N/a,0
Emi Buendía,ARG,MF,Aston Villa,29-121,31,18,"1,485",16.5,5,2,7,5,0,0,6,0,0.30,0.12,0.42,0.30,0.42,N/a,N/a,N/a,N/a,N/a,N/a,N/a,N/a,N/a,N/a,N/a,N/a,N/a,N/a,N/a,43,10,23.3,2.61,0.61,0.12,0.50,48,50.0,65,2,13,24,1,1.84,15,21,-6,-0.36,-1.09,0,35,34,1,8,8,20,N/a,N/a,0
Emile Smith Rowe,ENG,MF,Fulham,25-271,32,17,"1,577",17.5,3,0,3,3,0,0,1,0,0.17,0.00,0.17,0.17,0.17,N/a,N/a,N/a,N/a,N/a,N/a,N/a,N/a,N/a,N/a,N/a,N/a,N/a,N/a,N/a,30,9,30.0,1.71,0.51,0.10,0.33,49,53.1,74,1,15,21,0,1.38,24,24,0,0.00,+0.19,0,7,9,3,10,21,16,N/a,N/a,0
Emiliano Martínez,ARG,GK,Aston Villa,33-235,28,28,"2,475",27.5,0,0,0,0,0,0,2,0,0.00,0.00,0.00,0.00,0.00,32,1.16,111,80,71.2,15,5,8,8,28.6,1,0,1,0,100.0,0,0,N/a,0.00,0.00,N/a,N/a,88,83.3,88,27,0,N/a,0,1.79,39,32,+7,+0.25,+0.44,0,0,16,0,0,0,0,N/a,N/a,0
Emmanuel Agbadou,CIV,DF,Wolves,28-312,14,12,"1,101",12.2,0,0,0,0,0,0,1,1,0.00,0.00,0.00,0.00,0.00,N/a,N/a,N/a,N/a,N/a,N/a,N/a,N/a,N/a,N/a,N/a,N/a,N/a,N/a,N/a,10,3,30.0,0.82,0.25,0.00,0.00,79,37.1,85,11,2,38,4,0.14,6,27,-21,-1.72,-0.95,0,10,5,1,13,14,21,N/a,N/a,0
Enes Ünal,TUR,FW,Bournemouth,28-350,19,0,189,2.1,1,0,1,1,0,0,1,0,0.48,0.00,0.48,0.48,0.48,N/a,N/a,N/a,N/a,N/a,N/a,N/a,N/a,N/a,N/a,N/a,N/a,N/a,N/a,N/a,12,2,16.7,5.71,0.95,0.08,0.50,10,6.2,N/a,0,19,10,4,1.58,8,2,+6,+2.86,+3.05,0,6,5,1,2,0,1,N/a,N/a,0
Enzo Fernández,ARG,MF,Chelsea,25-098,32,31,"2,755",30.6,8,3,11,6,2,2,8,0,0.26,0.10,0.36,0.20,0.29,N/a,N/a,N/a,N/a,N/a,N/a,N/a,N/a,N/a,N/a,N/a,N/a,N/a,N/a,N/a,63,28,44.4,2.06,0.91,0.10,0.21,86,90.0,88,24,1,37,0,1.41,48,39,+9,+0.29,+0.59,0,30,40,1,71,19,23,N/a,N/a,0
Enzo Le Fée,FRA,"MF,FW",Sunderland,26-081,32,29,"2,571",28.6,4,5,9,1,3,4,5,0,0.14,0.18,0.32,0.04,0.21,N/a,N/a,N/a,N/a,N/a,N/a,N/a,N/a,N/a,N/a,N/a,N/a,N/a,N/a,N/a,29,9,31.0,1.02,0.32,0.03,0.11,80,84.0,87,22,3,16,0,1.41,31,40,-9,-0.32,-0.32,0,28,33,4,82,26,48,N/a,N/a,0
Erling Haaland,NOR,FW,Manchester City,25-278,32,31,"2,683",29.8,24,7,31,21,3,4,2,0,0.81,0.23,1.04,0.70,0.94,N/a,N/a,N/a,N/a,N/a,N/a,N/a,N/a,N/a,N/a,N/a,N/a,N/a,N/a,N/a,116,53,45.7,3.89,1.78,0.18,0.40,84,90.3,86,23,1,18,0,2.09,62,28,+34,+1.14,+0.20,0,22,24,4,3,4,7,N/a,N/a,0
Estêvão Willian,BRA,MF,Chelsea,19-001,22,12,848,9.4,2,2,4,2,0,0,4,0,0.21,0.21,0.42,0.21,0.42,N/a,N/a,N/a,N/a,N/a,N/a,N/a,N/a,N/a,N/a,N/a,N/a,N/a,N/a,N/a,28,8,28.6,2.97,0.85,0.07,0.25,39,27.7,54,0,10,20,3,1.36,19,11,+8,+0.85,+0.85,0,12,9,6,16,4,6,N/a,N/a,0
Ethan Ampadu,WAL,MF,Leeds United,25-223,31,31,"2,759",30.7,1,1,2,1,0,0,8,0,0.03,0.03,0.07,0.03,0.07,N/a,N/a,N/a,N/a,N/a,N/a,N/a,N/a,N/a,N/a,N/a,N/a,N/a,N/a,N/a,24,6,25.0,0.78,0.20,0.04,0.17,89,90.2,89,27,0,N/a,0,1.23,40,44,-4,-0.13,+0.77,0,40,32,0,24,44,43,N/a,N/a,0
Ethan Nwaneri,ENG,MF,Arsenal,19-035,6,0,171,1.9,0,0,0,0,0,0,0,0,0.00,0.00,0.00,0.00,0.00,N/a,N/a,N/a,N/a,N/a,N/a,N/a,N/a,N/a,N/a,N/a,N/a,N/a,N/a,N/a,6,0,0.0,3.16,0.00,0.00,N/a,29,5.8,N/a,0,6,29,11,2.67,8,0,+8,+4.21,+3.28,0,2,0,0,2,0,0,N/a,N/a,0
Ethan Pinnock,JAM,DF,Brentford,32-331,4,4,318,3.5,0,0,0,0,0,0,1,0,0.00,0.00,0.00,0.00,0.00,N/a,N/a,N/a,N/a,N/a,N/a,N/a,N/a,N/a,N/a,N/a,N/a,N/a,N/a,N/a,1,1,100.0,0.28,0.28,0.00,0.00,80,10.7,80,1,0,N/a,27,0.50,2,5,-3,-0.85,-1.09,0,0,2,0,0,5,5,N/a,N/a,1
Evanilson,BRA,FW,Bournemouth,26-201,32,28,"2,461",27.3,6,1,7,6,0,0,2,0,0.22,0.04,0.26,0.22,0.26,N/a,N/a,N/a,N/a,N/a,N/a,N/a,N/a,N/a,N/a,N/a,N/a,N/a,N/a,N/a,65,23,35.4,2.38,0.84,0.09,0.26,77,80.4,83,9,4,36,0,1.41,38,39,-1,-0.04,-0.19,0,23,29,26,3,3,4,N/a,N/a,0
Evann Guessand,CIV,MF,Aston Villa,24-298,13,6,588,6.5,0,1,1,0,0,0,0,0,0.00,0.15,0.15,0.00,0.15,N/a,N/a,N/a,N/a,N/a,N/a,N/a,N/a,N/a,N/a,N/a,N/a,N/a,N/a,N/a,8,5,62.5,1.22,0.77,0.00,0.00,45,19.8,67,0,7,27,5,1.77,9,10,-1,-0.15,-0.42,0,11,12,0,10,3,9,N/a,N/a,0
Ezra Mayers,BRB,DF,West Ham United,19-099,6,0,117,1.3,0,0,0,0,0,0,0,0,0.00,0.00,0.00,0.00,0.00,N/a,N/a,N/a,N/a,N/a,N/a,N/a,N/a,N/a,N/a,N/a,N/a,N/a,N/a,N/a,1,0,0.0,0.77,0.00,0.00,N/a,20,3.9,N/a,0,6,20,8,0.33,0,3,-3,-2.31,-1.87,0,0,0,0,3,1,0,N/a,N/a,0
Ezri Konsa,ENG,DF,Aston Villa,28-184,31,31,"2,765",30.7,0,0,0,0,0,0,0,1,0.00,0.00,0.00,0.00,0.00,N/a,N/a,N/a,N/a,N/a,N/a,N/a,N/a,N/a,N/a,N/a,N/a,N/a,N/a,N/a,11,2,18.2,0.36,0.07,0.00,0.00,89,93.1,89,30,0,N/a,1,1.84,46,39,+7,+0.23,+0.67,0,11,34,0,5,22,7,N/a,N/a,0
Fabian Schär,SUI,DF,Newcastle United,34-126,16,11,"1,091",12.1,0,0,0,0,0,0,1,0,0.00,0.00,0.00,0.00,0.00,N/a,N/a,N/a,N/a,N/a,N/a,N/a,N/a,N/a,N/a,N/a,N/a,N/a,N/a,N/a,17,4,23.5,1.40,0.33,0.00,0.00,68,36.7,88,9,5,25,3,1.75,16,13,+3,+0.25,+0.53,0,15,7,1,4,16,9,N/a,N/a,0
Fabio Carvalho,POR,MF,Brentford,23-238,6,1,102,1.1,1,0,1,1,0,0,0,0,0.88,0.00,0.88,0.88,0.88,N/a,N/a,N/a,N/a,N/a,N/a,N/a,N/a,N/a,N/a,N/a,N/a,N/a,N/a,N/a,2,1,50.0,1.76,0.88,0.50,1.00,17,3.4,90,1,5,2,4,0.17,2,4,-2,-1.76,-1.95,0,0,0,0,5,0,2,N/a,N/a,0
Federico Chiesa,ITA,MF,Liverpool,28-182,23,1,296,3.3,2,1,3,2,0,0,3,0,0.61,0.30,0.91,0.61,0.91,N/a,N/a,N/a,N/a,N/a,N/a,N/a,N/a,N/a,N/a,N/a,N/a,N/a,N/a,N/a,16,4,25.0,4.86,1.22,0.13,0.50,13,10.0,60,0,22,11,8,1.52,14,7,+7,+2.13,+1.99,0,9,5,2,14,4,5,N/a,N/a,0
Fer López,ESP,MF,Wolves,21-336,9,2,235,2.6,0,1,1,0,0,0,1,0,0.00,0.38,0.38,0.00,0.38,N/a,N/a,N/a,N/a,N/a,N/a,N/a,N/a,N/a,N/a,N/a,N/a,N/a,N/a,N/a,5,1,20.0,1.91,0.38,0.00,0.00,26,7.9,55,0,7,18,11,0.11,3,9,-6,-2.30,-1.28,0,6,4,0,4,0,1,N/a,N/a,0
Ferdi Kadioglu,TUR,"DF,MF",Brighton,26-200,33,30,"2,773",30.8,1,0,1,1,0,0,6,0,0.03,0.00,0.03,0.03,0.03,N/a,N/a,N/a,N/a,N/a,N/a,N/a,N/a,N/a,N/a,N/a,N/a,N/a,N/a,N/a,26,12,46.2,0.84,0.39,0.04,0.08,84,90.6,89,26,3,38,1,1.42,42,34,+8,+0.26,-0.05,0,16,35,6,99,23,38,N/a,N/a,0
Filip Jørgensen,DEN,GK,Chelsea,24-009,3,2,264,2.9,0,0,0,0,0,0,0,0,0.00,0.00,0.00,0.00,0.00,4,1.36,10,6,60.0,1,1,0,0,0.0,0,0,0,0,N/a,0,0,N/a,0.00,0.00,N/a,N/a,88,8.6,90,2,1,84,21,1.33,6,4,+2,+0.68,+0.49,0,0,0,0,0,1,0,N/a,N/a,0
Florentino Luís,POR,MF,Burnley,26-249,27,22,"1,826",20.3,0,2,2,0,0,0,6,0,0.00,0.10,0.10,0.00,0.10,N/a,N/a,N/a,N/a,N/a,N/a,N/a,N/a,N/a,N/a,N/a,N/a,N/a,N/a,N/a,10,1,10.0,0.49,0.05,0.00,0.00,68,59.7,79,8,5,19,4,0.52,16,41,-25,-1.23,-0.58,0,38,7,1,9,33,43,N/a,N/a,0
Florian Wirtz,GER,MF,Liverpool,22-357,29,25,"2,155",23.9,4,3,7,4,0,0,1,0,0.17,0.13,0.29,0.17,0.29,N/a,N/a,N/a,N/a,N/a,N/a,N/a,N/a,N/a,N/a,N/a,N/a,N/a,N/a,N/a,44,16,36.4,1.84,0.67,0.09,0.25,74,72.6,81,7,4,30,0,1.69,32,26,+6,+0.25,-0.30,0,20,18,2,30,11,24,N/a,N/a,0
Frank Onyeka,NGA,MF,Brentford,28-114,6,0,92,1.0,0,1,1,0,0,0,0,0,0.00,0.98,0.98,0.00,0.98,N/a,N/a,N/a,N/a,N/a,N/a,N/a,N/a,N/a,N/a,N/a,N/a,N/a,N/a,N/a,0,0,N/a,0.00,0.00,N/a,N/a,15,3.1,N/a,0,6,15,10,1.50,3,2,+1,+0.98,+0.88,0,3,3,0,0,0,0,N/a,N/a,0
Freddie Potts,ENG,MF,West Ham United,22-225,21,12,"1,159",12.9,0,1,1,0,0,0,1,0,0.00,0.08,0.08,0.00,0.08,N/a,N/a,N/a,N/a,N/a,N/a,N/a,N/a,N/a,N/a,N/a,N/a,N/a,N/a,N/a,3,1,33.3,0.23,0.08,0.00,0.00,55,39.0,77,4,9,26,8,1.00,16,24,-8,-0.62,-0.17,0,15,14,0,34,15,18,N/a,N/a,0
Gabriel Gudmundsson,SWE,"DF,MF",Leeds United,26-361,32,31,"2,631",29.2,0,0,0,0,0,0,6,1,0.00,0.00,0.00,0.00,0.00,N/a,N/a,N/a,N/a,N/a,N/a,N/a,N/a,N/a,N/a,N/a,N/a,N/a,N/a,N/a,18,3,16.7,0.62,0.10,0.00,0.00,82,86.0,84,21,1,22,0,1.19,40,45,-5,-0.17,+0.25,1,31,56,3,88,28,47,N/a,N/a,1
Gabriel Jesus,BRA,FW,Arsenal,29-022,12,2,328,3.6,2,0,2,2,0,0,2,0,0.55,0.00,0.55,0.55,0.55,N/a,N/a,N/a,N/a,N/a,N/a,N/a,N/a,N/a,N/a,N/a,N/a,N/a,N/a,N/a,15,10,66.7,4.12,2.74,0.13,0.20,27,11.0,58,0,10,21,8,2.00,6,6,0,0.00,-1.26,0,6,1,5,0,1,0,N/a,N/a,0
Gabriel Magalhães,BRA,DF,Arsenal,28-127,27,26,"2,346",26.1,3,4,7,3,0,0,4,0,0.12,0.15,0.27,0.12,0.27,N/a,N/a,N/a,N/a,N/a,N/a,N/a,N/a,N/a,N/a,N/a,N/a,N/a,N/a,N/a,21,5,23.8,0.81,0.19,0.14,0.60,87,79.0,89,25,1,20,0,2.11,49,19,+30,+1.15,+0.14,0,17,28,0,6,18,18,N/a,N/a,0
Gabriel Martinelli,BRA,"FW,MF",Arsenal,24-311,27,10,952,10.6,1,3,4,1,0,0,2,0,0.09,0.28,0.38,0.09,0.38,N/a,N/a,N/a,N/a,N/a,N/a,N/a,N/a,N/a,N/a,N/a,N/a,N/a,N/a,N/a,26,11,42.3,2.46,1.04,0.04,0.09,35,32.1,61,1,17,20,4,2.11,20,7,+13,+1.23,+0.16,0,8,13,5,31,1,8,N/a,N/a,0
Georginio Rutter,FRA,"MF,FW",Brighton,24-005,28,20,"1,717",19.1,3,3,6,3,0,0,2,0,0.16,0.16,0.31,0.16,0.31,N/a,N/a,N/a,N/a,N/a,N/a,N/a,N/a,N/a,N/a,N/a,N/a,N/a,N/a,N/a,39,13,33.3,2.04,0.68,0.08,0.23,61,56.1,78,4,8,20,4,1.46,26,18,+8,+0.42,+0.35,0,29,33,10,18,10,17,N/a,N/a,1
Gianluigi Donnarumma,ITA,GK,Manchester City,27-059,30,30,"2,700",30.0,0,0,0,0,0,0,6,0,0.00,0.00,0.00,0.00,0.00,25,0.83,92,66,72.8,20,7,3,13,43.3,1,0,1,0,100.0,0,0,N/a,0.00,0.00,N/a,N/a,90,90.9,90,30,0,N/a,0,2.23,61,25,+36,+1.20,+0.87,0,0,3,0,0,1,0,N/a,N/a,0
Giorgi Mamardashvili,GEO,GK,Liverpool,25-208,8,8,687,7.6,0,0,0,0,0,0,0,0,0.00,0.00,0.00,0.00,0.00,13,1.70,37,26,67.6,3,0,5,2,25.0,2,1,1,0,50.0,0,0,N/a,0.00,0.00,N/a,N/a,86,23.1,86,7,0,N/a,25,1.13,10,13,-3,-0.39,-0.94,0,1,2,0,0,0,0,N/a,N/a,0
Granit Xhaka,SUI,MF,Sunderland,33-210,30,28,"2,544",28.3,1,5,6,1,0,0,6,0,0.04,0.18,0.21,0.04,0.21,N/a,N/a,N/a,N/a,N/a,N/a,N/a,N/a,N/a,N/a,N/a,N/a,N/a,N/a,N/a,19,5,26.3,0.67,0.18,0.05,0.20,85,83.1,89,26,2,29,0,1.43,32,36,-4,-0.14,+0.73,0,20,35,0,84,26,29,N/a,N/a,0
Guglielmo Vicario,ITA,GK,Tottenham Hotspur,29-200,31,31,"2,790",31.0,0,0,0,0,0,0,1,0,0.00,0.00,0.00,0.00,0.00,50,1.61,131,83,63.4,7,9,15,7,22.6,2,2,0,0,0.0,0,0,N/a,0.00,0.00,N/a,N/a,90,93.9,90,31,0,N/a,0,0.97,40,50,-10,-0.32,+0.18,0,0,3,0,0,0,1,N/a,N/a,0
Guido Rodríguez,ARG,MF,West Ham United,32-013,6,2,180,2.0,0,0,0,0,0,0,1,0,0.00,0.00,0.00,0.00,0.00,N/a,N/a,N/a,N/a,N/a,N/a,N/a,N/a,N/a,N/a,N/a,N/a,N/a,N/a,N/a,1,0,0.0,0.50,0.00,0.00,N/a,30,6.1,67,0,4,12,15,0.67,1,2,-1,-0.50,+0.02,0,2,4,0,2,2,0,N/a,N/a,0
Habib Diarra,SEN,MF,Sunderland,22-112,17,15,"1,342",14.9,2,1,3,1,1,1,5,0,0.13,0.07,0.20,0.07,0.13,N/a,N/a,N/a,N/a,N/a,N/a,N/a,N/a,N/a,N/a,N/a,N/a,N/a,N/a,N/a,21,8,38.1,1.41,0.54,0.05,0.13,79,43.9,85,8,2,36,0,1.24,15,19,-4,-0.27,-0.01,0,18,26,1,26,4,7,N/a,N/a,0
Hannibal Mejbri,TUN,MF,Burnley,23-094,23,12,990,11.0,1,3,4,1,0,0,7,0,0.09,0.27,0.36,0.09,0.36,N/a,N/a,N/a,N/a,N/a,N/a,N/a,N/a,N/a,N/a,N/a,N/a,N/a,N/a,N/a,14,4,28.6,1.27,0.36,0.07,0.25,43,32.4,71,3,11,13,2,0.78,12,22,-10,-0.91,+0.13,0,17,36,3,25,7,13,N/a,N/a,0
Harrison Armstrong,ENG,MF,Everton,19-096,11,6,499,5.5,0,0,0,0,0,0,0,0,0.00,0.00,0.00,0.00,0.00,N/a,N/a,N/a,N/a,N/a,N/a,N/a,N/a,N/a,N/a,N/a,N/a,N/a,N/a,N/a,5,2,40.0,0.90,0.36,0.00,0.00,45,16.8,73,1,5,12,4,1.36,4,10,-6,-1.08,-1.34,0,6,15,2,2,4,10,N/a,N/a,0
Harry Howell,ENG,MF,Brighton,18-005,3,1,94,1.0,0,0,0,0,0,0,0,0,0.00,0.00,0.00,0.00,0.00,N/a,N/a,N/a,N/a,N/a,N/a,N/a,N/a,N/a,N/a,N/a,N/a,N/a,N/a,N/a,0,0,N/a,0.00,0.00,N/a,N/a,31,3.1,70,0,2,12,4,0.00,0,2,-2,-1.91,-2.25,0,0,0,1,4,0,0,N/a,N/a,0
Harry Maguire,ENG,DF,Manchester Utd,33-051,18,14,"1,203",13.4,1,1,2,1,0,0,3,1,0.07,0.07,0.15,0.07,0.15,N/a,N/a,N/a,N/a,N/a,N/a,N/a,N/a,N/a,N/a,N/a,N/a,N/a,N/a,N/a,10,2,20.0,0.75,0.15,0.10,0.50,67,40.5,82,8,4,13,3,1.89,25,14,+11,+0.82,+0.72,0,13,14,0,2,9,9,N/a,N/a,0
Harry Wilson,WAL,MF,Fulham,29-034,31,29,"2,428",27.0,10,6,16,10,0,0,6,0,0.37,0.22,0.59,0.37,0.59,N/a,N/a,N/a,N/a,N/a,N/a,N/a,N/a,N/a,N/a,N/a,N/a,N/a,N/a,N/a,70,24,34.3,2.59,0.89,0.14,0.42,78,81.8,82,7,2,30,0,1.45,38,34,+4,+0.15,+1.31,0,12,32,10,108,15,16,N/a,N/a,0
Harvey Barnes,ENG,"FW,MF",Newcastle United,28-137,32,18,"1,769",19.7,5,0,5,5,0,0,1,0,0.25,0.00,0.25,0.25,0.25,N/a,N/a,N/a,N/a,N/a,N/a,N/a,N/a,N/a,N/a,N/a,N/a,N/a,N/a,N/a,52,18,34.6,2.65,0.92,0.10,0.28,55,59.6,80,7,14,24,1,1.22,30,28,+2,+0.10,+0.48,0,16,22,3,70,3,5,N/a,N/a,0
Harvey Elliott,ENG,MF,Aston Villa,23-021,4,1,112,1.2,0,0,0,0,0,0,0,0,0.00,0.00,0.00,0.00,0.00,N/a,N/a,N/a,N/a,N/a,N/a,N/a,N/a,N/a,N/a,N/a,N/a,N/a,N/a,N/a,5,0,0.0,4.02,0.00,0.00,N/a,28,3.8,45,0,3,22,4,1.25,2,2,0,0.00,-0.19,0,0,2,0,3,0,0,N/a,N/a,0
Hjalmar Ekdal,SWE,DF,Burnley,27-186,18,16,"1,449",16.1,0,0,0,0,0,0,0,0,0.00,0.00,0.00,0.00,0.00,N/a,N/a,N/a,N/a,N/a,N/a,N/a,N/a,N/a,N/a,N/a,N/a,N/a,N/a,N/a,6,1,16.7,0.37,0.06,0.00,0.00,81,47.4,89,14,2,9,13,0.56,12,31,-19,-1.18,-0.34,0,5,6,2,1,11,14,N/a,N/a,0
Hugo Bueno,ESP,"MF,DF",Wolves,23-219,30,23,"2,132",23.7,1,1,2,1,0,0,2,0,0.04,0.04,0.08,0.04,0.08,N/a,N/a,N/a,N/a,N/a,N/a,N/a,N/a,N/a,N/a,N/a,N/a,N/a,N/a,N/a,12,6,50.0,0.51,0.25,0.08,0.17,71,71.8,86,17,7,23,0,0.57,19,40,-21,-0.89,+0.83,0,16,22,2,152,30,31,N/a,N/a,0
Hugo Ekitike,FRA,FW,Liverpool,23-309,28,21,"1,803",20.0,11,4,15,11,0,0,0,0,0.55,0.20,0.75,0.55,0.75,N/a,N/a,N/a,N/a,N/a,N/a,N/a,N/a,N/a,N/a,N/a,N/a,N/a,N/a,N/a,65,19,29.2,3.24,0.95,0.17,0.58,64,60.7,77,6,7,26,1,1.68,35,25,+10,+0.50,+0.42,0,35,12,10,7,4,7,N/a,N/a,0
Hwang Hee-chan,KOR,"FW,MF",Wolves,30-089,22,15,"1,185",13.2,2,1,3,1,1,1,3,0,0.15,0.08,0.23,0.08,0.15,N/a,N/a,N/a,N/a,N/a,N/a,N/a,N/a,N/a,N/a,N/a,N/a,N/a,N/a,N/a,16,6,37.5,1.22,0.46,0.06,0.17,54,39.9,70,0,7,19,6,0.36,8,24,-16,-1.22,-0.16,0,23,15,7,17,7,3,N/a,N/a,0
Hákon Valdimarsson,ISL,GK,Brentford,24-194,1,1,90,1.0,0,0,0,0,0,0,0,0,0.00,0.00,0.00,0.00,0.00,3,3.00,4,1,25.0,1,0,0,0,0.0,0,0,0,0,N/a,0,0,N/a,0.00,0.00,N/a,N/a,90,3.0,90,1,0,N/a,32,3.00,4,3,+1,+1.00,+0.91,0,0,0,0,0,0,0,N/a,N/a,0
Ian Maatsen,NED,DF,Aston Villa,24-046,26,14,"1,346",15.0,0,1,1,0,0,0,2,0,0.00,0.07,0.07,0.00,0.07,N/a,N/a,N/a,N/a,N/a,N/a,N/a,N/a,N/a,N/a,N/a,N/a,N/a,N/a,N/a,18,5,27.8,1.20,0.33,0.00,0.00,52,45.3,81,6,12,18,7,1.69,23,21,+2,+0.13,-0.09,0,14,17,1,49,14,27,N/a,N/a,0
Ibrahim Sangaré,CIV,MF,Nottingham Forest,28-144,26,24,"1,990",22.1,2,2,4,2,0,0,5,0,0.09,0.09,0.18,0.09,0.18,N/a,N/a,N/a,N/a,N/a,N/a,N/a,N/a,N/a,N/a,N/a,N/a,N/a,N/a,N/a,16,5,31.3,0.72,0.23,0.13,0.40,77,65.0,82,16,2,8,3,1.38,30,24,+6,+0.27,+1.11,0,39,18,0,8,18,30,N/a,N/a,0
Ibrahima Konaté,FRA,DF,Liverpool,26-335,31,31,"2,660",29.6,1,0,1,1,0,0,6,0,0.03,0.00,0.03,0.03,0.03,N/a,N/a,N/a,N/a,N/a,N/a,N/a,N/a,N/a,N/a,N/a,N/a,N/a,N/a,N/a,10,3,30.0,0.34,0.10,0.10,0.33,86,89.6,86,24,0,N/a,1,1.74,46,35,+11,+0.37,+0.37,0,31,35,0,3,26,30,N/a,N/a,0
Idrissa Gana Gueye,SEN,MF,Everton,36-211,24,24,"2,008",22.3,2,3,5,2,0,0,1,1,0.09,0.13,0.22,0.09,0.22,N/a,N/a,N/a,N/a,N/a,N/a,N/a,N/a,N/a,N/a,N/a,N/a,N/a,N/a,N/a,28,7,25.0,1.25,0.31,0.07,0.29,84,67.6,84,16,0,N/a,0,1.38,26,25,+1,+0.04,+0.04,0,20,31,0,19,29,21,N/a,N/a,0
Igor,BRA,DF,West Ham United,28-077,4,1,105,1.2,0,0,0,0,0,0,0,0,0.00,0.00,0.00,0.00,0.00,N/a,N/a,N/a,N/a,N/a,N/a,N/a,N/a,N/a,N/a,N/a,N/a,N/a,N/a,N/a,0,0,N/a,0.00,0.00,N/a,N/a,26,3.5,90,1,3,5,9,2.00,4,3,+1,+0.86,+1.42,0,1,0,0,0,1,0,N/a,N/a,0
Igor Jesus,BRA,FW,Nottingham Forest,25-059,33,24,"1,998",22.2,5,4,9,5,0,0,1,0,0.23,0.18,0.41,0.23,0.41,N/a,N/a,N/a,N/a,N/a,N/a,N/a,N/a,N/a,N/a,N/a,N/a,N/a,N/a,N/a,60,15,25.0,2.70,0.68,0.08,0.33,61,65.3,74,4,9,24,0,1.18,30,32,-2,-0.09,+0.08,0,37,35,11,9,2,14,N/a,N/a,0
Igor Thiago,BRA,FW,Brentford,24-303,33,32,"2,832",31.5,21,1,22,14,7,8,6,0,0.67,0.03,0.70,0.44,0.48,N/a,N/a,N/a,N/a,N/a,N/a,N/a,N/a,N/a,N/a,N/a,N/a,N/a,N/a,N/a,76,39,51.3,2.42,1.24,0.18,0.36,86,95.4,88,25,1,31,0,1.45,45,41,+4,+0.13,+0.13,0,62,23,20,14,11,19,N/a,N/a,0
Ilia Gruev,BUL,MF,Leeds United,25-354,23,15,"1,323",14.7,0,3,3,0,0,0,3,0,0.00,0.20,0.20,0.00,0.20,N/a,N/a,N/a,N/a,N/a,N/a,N/a,N/a,N/a,N/a,N/a,N/a,N/a,N/a,N/a,7,1,14.3,0.48,0.07,0.00,0.00,58,43.2,79,6,8,17,10,1.52,17,22,-5,-0.34,-0.24,0,16,9,0,16,14,13,N/a,N/a,0
Iliman Ndiaye,SEN,MF,Everton,26-050,27,27,"2,328",25.9,6,3,9,4,2,2,2,0,0.23,0.12,0.35,0.15,0.27,N/a,N/a,N/a,N/a,N/a,N/a,N/a,N/a,N/a,N/a,N/a,N/a,N/a,N/a,N/a,33,18,54.5,1.28,0.70,0.12,0.22,86,78.4,86,16,0,N/a,0,1.44,33,33,0,0.00,-0.14,0,27,34,10,47,14,38,N/a,N/a,0
Ismaila Sarr,SEN,"MF,FW",Crystal Palace,28-059,22,20,"1,784",19.8,7,1,8,5,2,2,2,0,0.35,0.05,0.40,0.25,0.30,N/a,N/a,N/a,N/a,N/a,N/a,N/a,N/a,N/a,N/a,N/a,N/a,N/a,N/a,N/a,35,14,40.0,1.77,0.71,0.14,0.36,81,61.9,86,16,2,30,0,1.41,26,19,+7,+0.35,+1.01,0,11,36,12,18,7,9,N/a,N/a,0
Issa Diop,MAR,DF,Fulham,29-106,10,6,596,6.6,0,0,0,0,0,0,2,0,0.00,0.00,0.00,0.00,0.00,N/a,N/a,N/a,N/a,N/a,N/a,N/a,N/a,N/a,N/a,N/a,N/a,N/a,N/a,N/a,1,0,0.0,0.15,0.00,0.00,N/a,60,20.1,89,5,4,15,10,1.30,8,11,-3,-0.45,-0.45,0,7,3,0,1,4,2,N/a,N/a,0
Jack Fletcher,ENG,MF,Manchester Utd,19-037,3,0,108,1.2,0,0,0,0,0,0,0,0,0.00,0.00,0.00,0.00,0.00,N/a,N/a,N/a,N/a,N/a,N/a,N/a,N/a,N/a,N/a,N/a,N/a,N/a,N/a,N/a,1,0,0.0,0.83,0.00,0.00,N/a,36,3.6,N/a,0,3,36,4,1.33,0,0,0,0.00,-0.41,0,2,1,0,0,1,1,N/a,N/a,0
Jack Grealish,ENG,MF,Everton,30-227,20,18,"1,627",18.1,2,6,8,2,0,0,5,1,0.11,0.33,0.44,0.11,0.44,N/a,N/a,N/a,N/a,N/a,N/a,N/a,N/a,N/a,N/a,N/a,N/a,N/a,N/a,N/a,26,8,30.8,1.44,0.44,0.08,0.25,81,54.8,88,11,2,20,0,1.55,23,23,0,0.00,-0.07,1,13,58,0,39,11,15,N/a,N/a,0
Jack Harrison,ENG,FW,Leeds United,29-156,11,1,269,3.0,0,0,0,0,0,0,0,0,0.00,0.00,0.00,0.00,0.00,N/a,N/a,N/a,N/a,N/a,N/a,N/a,N/a,N/a,N/a,N/a,N/a,N/a,N/a,N/a,6,2,33.3,2.01,0.67,0.00,0.00,24,8.8,65,0,10,20,9,1.09,1,5,-4,-1.34,-1.24,0,1,4,0,17,4,2,N/a,N/a,0
Jack Hinshelwood,ENG,MF,Brighton,21-014,23,16,"1,413",15.7,2,3,5,2,0,0,0,0,0.13,0.19,0.32,0.13,0.32,N/a,N/a,N/a,N/a,N/a,N/a,N/a,N/a,N/a,N/a,N/a,N/a,N/a,N/a,N/a,28,10,35.7,1.78,0.64,0.07,0.20,61,46.2,74,4,7,32,2,1.43,19,18,+1,+0.06,-0.37,0,32,9,2,7,6,11,N/a,N/a,1
Jackson Tchatchoua,CMR,"MF,DF",Wolves,24-223,30,19,"1,840",20.4,0,1,1,0,0,0,3,0,0.00,0.05,0.05,0.00,0.05,N/a,N/a,N/a,N/a,N/a,N/a,N/a,N/a,N/a,N/a,N/a,N/a,N/a,N/a,N/a,3,1,33.3,0.15,0.05,0.00,0.00,61,62.0,82,14,11,25,2,0.57,17,37,-20,-0.98,+0.38,0,8,9,2,89,14,15,N/a,N/a,0
Jacob Bruun Larsen,DEN,"MF,FW",Burnley,27-218,25,10,"1,011",11.2,0,1,1,0,0,0,0,0,0.00,0.09,0.09,0.00,0.09,N/a,N/a,N/a,N/a,N/a,N/a,N/a,N/a,N/a,N/a,N/a,N/a,N/a,N/a,N/a,16,4,25.0,1.42,0.36,0.00,0.00,40,33.0,67,0,15,23,4,0.60,12,29,-17,-1.51,-0.77,0,1,0,3,40,6,3,N/a,N/a,0
Jacob Murphy,ENG,"FW,MF",Newcastle United,31-060,28,15,"1,364",15.2,3,1,4,3,0,0,2,0,0.20,0.07,0.26,0.20,0.26,N/a,N/a,N/a,N/a,N/a,N/a,N/a,N/a,N/a,N/a,N/a,N/a,N/a,N/a,N/a,40,12,30.0,2.64,0.79,0.08,0.25,49,45.9,72,1,13,22,3,1.25,22,16,+6,+0.40,+0.90,0,8,9,5,109,3,10,N/a,N/a,0
Jacob Ramsey,ENG,MF,Newcastle United,24-332,23,12,"1,149",12.8,2,1,3,2,0,0,5,1,0.16,0.08,0.23,0.16,0.23,N/a,N/a,N/a,N/a,N/a,N/a,N/a,N/a,N/a,N/a,N/a,N/a,N/a,N/a,N/a,14,4,28.6,1.10,0.31,0.14,0.50,50,38.7,73,4,11,25,5,1.13,19,24,-5,-0.39,-0.49,1,15,13,2,7,8,11,N/a,N/a,0
Jadon Sancho,ENG,MF,Aston Villa,26-031,20,8,774,8.6,0,2,2,0,0,0,0,0,0.00,0.23,0.23,0.00,0.23,N/a,N/a,N/a,N/a,N/a,N/a,N/a,N/a,N/a,N/a,N/a,N/a,N/a,N/a,N/a,10,3,30.0,1.16,0.35,0.00,0.00,39,26.1,65,0,12,21,5,1.85,12,7,+5,+0.58,+0.54,0,3,2,2,21,2,2,N/a,N/a,0
Jaidon Anthony,ENG,MF,Burnley,26-145,33,28,"2,372",26.4,7,1,8,7,0,0,4,0,0.27,0.04,0.30,0.27,0.30,N/a,N/a,N/a,N/a,N/a,N/a,N/a,N/a,N/a,N/a,N/a,N/a,N/a,N/a,N/a,48,20,41.7,1.82,0.76,0.15,0.35,72,77.5,82,11,5,17,1,0.61,26,52,-26,-0.99,+0.06,0,20,40,9,65,16,20,N/a,N/a,0
Jair Cunha,BRA,DF,Nottingham Forest,21-049,5,3,313,3.5,0,0,0,0,0,0,0,0,0.00,0.00,0.00,0.00,0.00,N/a,N/a,N/a,N/a,N/a,N/a,N/a,N/a,N/a,N/a,N/a,N/a,N/a,N/a,N/a,2,0,0.0,0.58,0.00,0.00,N/a,63,10.2,76,2,2,42,14,1.40,10,5,+5,+1.44,+1.73,0,0,4,0,1,3,3,N/a,N/a,0
Jaka Bijol,SVN,DF,Leeds United,27-079,21,17,"1,551",17.2,1,1,2,1,0,0,3,0,0.06,0.06,0.12,0.06,0.12,N/a,N/a,N/a,N/a,N/a,N/a,N/a,N/a,N/a,N/a,N/a,N/a,N/a,N/a,N/a,15,6,40.0,0.87,0.35,0.07,0.17,74,50.7,85,13,4,25,9,1.19,24,23,+1,+0.06,+0.54,0,15,10,0,1,22,13,N/a,N/a,0
Jake O'Brien,IRL,DF,Everton,24-345,32,30,"2,728",30.3,0,1,1,0,0,0,2,1,0.00,0.03,0.03,0.00,0.03,N/a,N/a,N/a,N/a,N/a,N/a,N/a,N/a,N/a,N/a,N/a,N/a,N/a,N/a,N/a,10,4,40.0,0.33,0.13,0.00,0.00,85,91.9,88,27,2,42,0,1.47,38,37,+1,+0.03,+0.03,0,15,14,4,44,12,29,N/a,N/a,0
James Garner,ENG,"MF,DF",Everton,25-043,33,33,"2,963",32.9,2,6,8,2,0,0,9,0,0.06,0.18,0.24,0.06,0.24,N/a,N/a,N/a,N/a,N/a,N/a,N/a,N/a,N/a,N/a,N/a,N/a,N/a,N/a,N/a,42,12,28.6,1.28,0.36,0.05,0.17,90,99.8,90,32,0,N/a,0,1.42,40,39,+1,+0.03,+0.03,0,31,32,0,171,51,61,N/a,N/a,0
James Hill,ENG,DF,Bournemouth,24-105,25,18,"1,746",19.4,0,3,3,0,0,0,3,0,0.00,0.15,0.15,0.00,0.15,N/a,N/a,N/a,N/a,N/a,N/a,N/a,N/a,N/a,N/a,N/a,N/a,N/a,N/a,N/a,11,2,18.2,0.57,0.10,0.00,0.00,70,57.1,88,16,7,23,5,1.72,28,22,+6,+0.31,+0.72,0,11,12,1,11,32,17,N/a,N/a,2
James Justin,ENG,"DF,MF",Leeds United,28-061,25,17,"1,541",17.1,2,1,3,2,0,0,4,0,0.12,0.06,0.18,0.12,0.18,N/a,N/a,N/a,N/a,N/a,N/a,N/a,N/a,N/a,N/a,N/a,N/a,N/a,N/a,N/a,20,5,25.0,1.17,0.29,0.10,0.40,62,50.4,85,13,8,12,7,1.36,22,21,+1,+0.06,+0.53,0,11,24,2,32,24,28,N/a,N/a,0
James Mcatee,ENG,MF,Nottingham Forest,23-189,10,1,180,2.0,0,0,0,0,0,0,1,0,0.00,0.00,0.00,0.00,0.00,N/a,N/a,N/a,N/a,N/a,N/a,N/a,N/a,N/a,N/a,N/a,N/a,N/a,N/a,N/a,1,0,0.0,0.50,0.00,0.00,N/a,18,5.9,59,0,9,13,21,0.50,0,8,-8,-4.00,-4.12,0,4,3,1,8,1,3,N/a,N/a,0
James Milner,ENG,MF,Brighton,40-111,19,6,726,8.1,1,1,2,0,1,1,2,0,0.12,0.12,0.25,0.00,0.12,N/a,N/a,N/a,N/a,N/a,N/a,N/a,N/a,N/a,N/a,N/a,N/a,N/a,N/a,N/a,8,2,25.0,0.99,0.25,0.00,0.00,38,23.7,79,1,13,19,6,1.47,16,14,+2,+0.25,-0.02,0,11,3,1,14,5,9,N/a,N/a,0
James Tarkowski,ENG,DF,Everton,33-157,32,32,"2,880",32.0,1,1,2,1,0,0,5,0,0.03,0.03,0.06,0.03,0.06,N/a,N/a,N/a,N/a,N/a,N/a,N/a,N/a,N/a,N/a,N/a,N/a,N/a,N/a,N/a,16,8,50.0,0.50,0.25,0.06,0.13,90,97.0,90,32,0,N/a,0,1.47,40,37,+3,+0.09,+2.09,0,24,31,2,7,26,25,N/a,N/a,0
James Trafford,ENG,GK,Manchester City,23-197,3,3,270,3.0,0,0,0,0,0,0,0,0,0.00,0.00,0.00,0.00,0.00,4,1.33,14,11,78.6,1,0,2,1,33.3,1,1,0,0,0.0,0,0,N/a,0.00,0.00,N/a,N/a,90,9.1,90,3,0,N/a,30,1.00,5,4,+1,+0.33,-0.87,0,0,1,0,0,0,1,N/a,N/a,0
James Ward-Prowse,ENG,MF,West Ham United,31-175,5,5,413,4.6,0,0,0,0,0,0,0,0,0.00,0.00,0.00,0.00,0.00,N/a,N/a,N/a,N/a,N/a,N/a,N/a,N/a,N/a,N/a,N/a,N/a,N/a,N/a,N/a,2,0,0.0,0.44,0.00,0.00,0.00,83,13.9,83,2,0,25,1,0.60,2,11,-9,-1.96,-1.68,0,4,2,0,22,6,2,N/a,N/a,0
Jamie Gittens,ENG,MF,Chelsea,21-260,16,5,495,5.5,0,2,2,0,0,0,0,0,0.00,0.36,0.36,0.00,0.36,N/a,N/a,N/a,N/a,N/a,N/a,N/a,N/a,N/a,N/a,N/a,N/a,N/a,N/a,N/a,10,2,20.0,1.82,0.36,0.00,0.00,31,16.2,57,1,11,19,6,2.06,7,7,0,0.00,-0.28,0,6,8,2,13,2,4,N/a,N/a,0
Jan Paul van Hecke,NED,DF,Brighton,25-321,32,32,"2,850",31.7,3,3,6,3,0,0,8,0,0.09,0.09,0.19,0.09,0.19,N/a,N/a,N/a,N/a,N/a,N/a,N/a,N/a,N/a,N/a,N/a,N/a,N/a,N/a,N/a,22,10,45.5,0.69,0.32,0.14,0.30,89,93.1,89,31,0,N/a,0,1.53,48,37,+11,+0.35,+1.20,0,25,37,4,21,36,27,N/a,N/a,1
Jarrad Branthwaite,ENG,DF,Everton,23-302,10,7,680,7.6,1,0,1,1,0,0,1,0,0.13,0.00,0.13,0.13,0.13,N/a,N/a,N/a,N/a,N/a,N/a,N/a,N/a,N/a,N/a,N/a,N/a,N/a,N/a,N/a,6,2,33.3,0.79,0.26,0.17,0.50,68,22.9,88,4,3,21,0,1.50,10,9,+1,+0.13,+0.13,0,3,1,1,3,11,6,N/a,N/a,0
Jarrod Bowen,ENG,"MF,FW",West Ham United,29-126,33,33,"2,957",32.9,8,8,16,7,1,1,4,0,0.24,0.24,0.49,0.21,0.46,N/a,N/a,N/a,N/a,N/a,N/a,N/a,N/a,N/a,N/a,N/a,N/a,N/a,N/a,N/a,71,24,33.8,2.16,0.73,0.10,0.29,90,99.6,90,29,0,N/a,0,1.00,40,55,-15,-0.46,+13.39,0,18,45,17,124,24,24,N/a,N/a,0
Jaydee Canvot,FRA,DF,Crystal Palace,19-270,15,9,886,9.8,0,0,0,0,0,0,2,0,0.00,0.00,0.00,0.00,0.00,N/a,N/a,N/a,N/a,N/a,N/a,N/a,N/a,N/a,N/a,N/a,N/a,N/a,N/a,N/a,5,0,0.0,0.51,0.00,0.00,N/a,59,30.8,86,7,6,19,13,1.73,8,10,-2,-0.20,-0.25,0,9,4,0,3,7,16,N/a,N/a,0
Jayden Bogle,ENG,"MF,DF",Leeds United,25-272,32,30,"2,627",29.2,1,1,2,1,0,0,6,0,0.03,0.03,0.07,0.03,0.07,N/a,N/a,N/a,N/a,N/a,N/a,N/a,N/a,N/a,N/a,N/a,N/a,N/a,N/a,N/a,17,4,23.5,0.58,0.14,0.06,0.25,82,85.8,86,18,2,27,0,1.22,35,42,-7,-0.24,-0.24,0,38,28,10,59,28,39,N/a,N/a,0
Jean-Clair Todibo,FRA,DF,West Ham United,26-116,20,20,"1,698",18.9,0,1,1,0,0,0,4,1,0.00,0.05,0.05,0.00,0.05,N/a,N/a,N/a,N/a,N/a,N/a,N/a,N/a,N/a,N/a,N/a,N/a,N/a,N/a,N/a,2,0,0.0,0.11,0.00,0.00,N/a,85,57.2,85,15,0,N/a,6,1.00,25,33,-8,-0.42,+0.21,0,8,3,1,1,16,24,N/a,N/a,0
Jean-Philippe Mateta,FRA,FW,Crystal Palace,28-301,26,23,"1,994",22.2,10,0,10,6,4,4,2,0,0.45,0.00,0.45,0.27,0.27,N/a,N/a,N/a,N/a,N/a,N/a,N/a,N/a,N/a,N/a,N/a,N/a,N/a,N/a,N/a,57,28,49.1,2.57,1.26,0.11,0.21,77,69.2,83,12,3,30,0,1.27,21,23,-2,-0.09,-0.19,0,18,18,16,10,6,4,N/a,N/a,0
Jean-Ricner Bellegarde,HAI,"MF,FW",Wolves,27-302,24,15,"1,212",13.5,1,1,2,1,0,0,5,0,0.07,0.07,0.15,0.07,0.15,N/a,N/a,N/a,N/a,N/a,N/a,N/a,N/a,N/a,N/a,N/a,N/a,N/a,N/a,N/a,21,7,33.3,1.56,0.52,0.05,0.14,51,40.8,68,1,9,21,0,0.46,10,29,-19,-1.41,-0.49,0,19,39,0,24,9,15,N/a,N/a,0
Jefferson Lerma,COL,"MF,DF",Crystal Palace,31-182,26,15,"1,435",15.9,0,2,2,0,0,0,6,0,0.00,0.13,0.13,0.00,0.13,N/a,N/a,N/a,N/a,N/a,N/a,N/a,N/a,N/a,N/a,N/a,N/a,N/a,N/a,N/a,18,7,38.9,1.13,0.44,0.00,0.00,55,49.8,82,12,11,19,3,1.35,18,16,+2,+0.13,+0.31,0,20,19,0,11,18,14,N/a,N/a,1
Jenson Seelt,NED,DF,Sunderland,22-337,2,1,134,1.5,0,0,0,0,0,0,0,0,0.00,0.00,0.00,0.00,0.00,N/a,N/a,N/a,N/a,N/a,N/a,N/a,N/a,N/a,N/a,N/a,N/a,N/a,N/a,N/a,0,0,N/a,0.00,0.00,N/a,N/a,67,4.4,52,0,1,82,1,1.50,0,2,-2,-1.34,-1.13,0,1,1,0,1,0,0,N/a,N/a,0
Jeremie Frimpong,NED,"DF,MF",Liverpool,25-136,17,10,827,9.2,0,1,1,0,0,0,1,0,0.00,0.11,0.11,0.00,0.11,N/a,N/a,N/a,N/a,N/a,N/a,N/a,N/a,N/a,N/a,N/a,N/a,N/a,N/a,N/a,8,1,12.5,0.87,0.11,0.00,0.00,49,27.8,73,3,7,13,2,1.53,16,9,+7,+0.76,+0.59,0,6,13,3,45,6,8,N/a,N/a,0
Jeremy Doku,BEL,"MF,FW",Manchester City,23-333,25,16,"1,483",16.5,2,5,7,2,0,0,0,0,0.12,0.30,0.42,0.12,0.42,N/a,N/a,N/a,N/a,N/a,N/a,N/a,N/a,N/a,N/a,N/a,N/a,N/a,N/a,N/a,28,10,35.7,1.70,0.61,0.07,0.20,59,49.9,79,4,9,25,1,1.92,37,14,+23,+1.40,+0.55,0,22,49,3,51,10,13,N/a,N/a,0
Jhon Arias,COL,"FW,MF",Wolves,28-216,23,14,"1,124",12.5,1,0,1,1,0,0,1,0,0.08,0.00,0.08,0.08,0.08,N/a,N/a,N/a,N/a,N/a,N/a,N/a,N/a,N/a,N/a,N/a,N/a,N/a,N/a,N/a,16,3,18.8,1.28,0.24,0.06,0.33,49,37.8,71,2,9,15,1,0.35,11,21,-10,-0.80,+0.52,0,26,9,3,30,7,27,N/a,N/a,0
Joachim Andersen,DEN,DF,Fulham,29-329,30,30,"2,651",29.5,0,1,1,0,0,0,7,0,0.00,0.03,0.03,0.00,0.03,N/a,N/a,N/a,N/a,N/a,N/a,N/a,N/a,N/a,N/a,N/a,N/a,N/a,N/a,N/a,15,4,26.7,0.51,0.14,0.00,0.00,88,89.3,88,29,0,N/a,1,1.40,40,41,-1,-0.03,+0.53,0,28,12,0,15,28,20,N/a,N/a,0
Joe Gomez,ENG,DF,Liverpool,28-337,17,6,522,5.8,0,2,2,0,0,0,2,0,0.00,0.34,0.34,0.00,0.34,N/a,N/a,N/a,N/a,N/a,N/a,N/a,N/a,N/a,N/a,N/a,N/a,N/a,N/a,N/a,3,1,33.3,0.52,0.17,0.00,0.00,31,17.6,63,2,11,13,10,1.71,15,12,+3,+0.52,+0.22,0,10,0,0,15,8,6,N/a,N/a,0
Joe Rodon,WAL,DF,Leeds United,28-185,31,29,"2,591",28.8,2,0,2,2,0,0,1,0,0.07,0.00,0.07,0.07,0.07,N/a,N/a,N/a,N/a,N/a,N/a,N/a,N/a,N/a,N/a,N/a,N/a,N/a,N/a,N/a,16,5,31.3,0.56,0.17,0.13,0.40,84,84.7,88,26,2,23,0,1.13,37,47,-10,-0.35,-0.92,0,13,17,1,5,28,17,N/a,N/a,0
Joe Willock,ENG,MF,Newcastle United,26-248,20,7,703,7.8,0,1,1,0,0,0,3,0,0.00,0.13,0.13,0.00,0.13,N/a,N/a,N/a,N/a,N/a,N/a,N/a,N/a,N/a,N/a,N/a,N/a,N/a,N/a,N/a,10,3,30.0,1.28,0.38,0.00,0.00,35,23.7,66,0,13,19,12,1.45,10,13,-3,-0.38,-0.38,0,15,8,1,12,4,15,N/a,N/a,0
Joe Worrall,ENG,DF,Burnley,29-105,11,5,500,5.6,0,0,0,0,0,0,0,0,0.00,0.00,0.00,0.00,0.00,N/a,N/a,N/a,N/a,N/a,N/a,N/a,N/a,N/a,N/a,N/a,N/a,N/a,N/a,N/a,1,0,0.0,0.18,0.00,0.00,N/a,45,16.3,83,4,6,14,11,0.82,10,11,-1,-0.18,+0.98,0,4,1,0,0,6,2,N/a,N/a,0
Joelinton,BRA,MF,Newcastle United,29-254,25,21,"1,771",19.7,2,1,3,2,0,0,10,0,0.10,0.05,0.15,0.10,0.15,N/a,N/a,N/a,N/a,N/a,N/a,N/a,N/a,N/a,N/a,N/a,N/a,N/a,N/a,N/a,28,10,35.7,1.42,0.51,0.07,0.20,71,59.6,80,11,4,24,3,1.44,30,25,+5,+0.25,+0.85,0,39,27,1,10,26,18,N/a,N/a,0
John,BRA,GK,Nottingham Forest,30-071,5,5,437,4.9,0,0,0,0,0,0,1,0,0.00,0.00,0.00,0.00,0.00,8,1.65,13,6,46.2,1,0,4,1,20.0,1,1,0,0,0.0,0,0,N/a,0.00,0.00,N/a,N/a,87,14.3,87,4,0,N/a,12,0.60,5,8,-3,-0.62,-0.58,0,0,0,0,0,0,0,N/a,N/a,0
John McGinn,SCO,MF,Aston Villa,31-189,26,25,"1,886",21.0,4,3,7,4,0,0,4,0,0.19,0.14,0.33,0.19,0.33,N/a,N/a,N/a,N/a,N/a,N/a,N/a,N/a,N/a,N/a,N/a,N/a,N/a,N/a,N/a,22,9,40.9,1.05,0.43,0.18,0.44,73,63.5,74,6,1,45,0,1.92,31,24,+7,+0.33,+0.42,0,29,44,0,70,12,16,N/a,N/a,0
John Stones,ENG,DF,Manchester City,31-332,7,4,353,3.9,0,0,0,0,0,0,0,0,0.00,0.00,0.00,0.00,0.00,N/a,N/a,N/a,N/a,N/a,N/a,N/a,N/a,N/a,N/a,N/a,N/a,N/a,N/a,N/a,0,0,N/a,0.00,0.00,N/a,N/a,50,11.9,80,2,3,11,12,1.43,5,8,-3,-0.76,-2.14,0,0,0,0,4,2,0,N/a,N/a,0
Jordan Henderson,ENG,MF,Brentford,35-312,29,21,"1,820",20.2,1,3,4,1,0,0,4,0,0.05,0.15,0.20,0.05,0.20,N/a,N/a,N/a,N/a,N/a,N/a,N/a,N/a,N/a,N/a,N/a,N/a,N/a,N/a,N/a,6,1,16.7,0.30,0.05,0.17,1.00,63,61.3,80,10,8,18,1,1.48,27,26,+1,+0.05,-0.19,0,13,7,1,44,16,13,N/a,N/a,0
Jordan Pickford,ENG,GK,Everton,32-049,33,33,"2,970",33.0,0,0,0,0,0,0,4,0,0.00,0.00,0.00,0.00,0.00,39,1.18,125,90,71.2,13,8,12,11,33.3,4,3,1,0,25.0,0,0,N/a,0.00,0.00,N/a,N/a,90,100.0,90,33,0,N/a,0,1.42,40,39,+1,+0.03,N/a,0,1,6,0,0,0,1,N/a,N/a,0
Jorge Cuenca,ESP,DF,Fulham,26-159,14,11,933,10.4,0,0,0,0,0,0,5,0,0.00,0.00,0.00,0.00,0.00,N/a,N/a,N/a,N/a,N/a,N/a,N/a,N/a,N/a,N/a,N/a,N/a,N/a,N/a,N/a,1,0,0.0,0.10,0.00,0.00,N/a,67,31.4,84,7,3,3,14,1.71,9,11,-2,-0.19,-0.15,0,9,1,1,2,15,10,N/a,N/a,0
Jorrel Hato,NED,DF,Chelsea,20-049,19,9,917,10.2,0,0,0,0,0,0,5,0,0.00,0.00,0.00,0.00,0.00,N/a,N/a,N/a,N/a,N/a,N/a,N/a,N/a,N/a,N/a,N/a,N/a,N/a,N/a,N/a,4,0,0.0,0.39,0.00,0.00,N/a,48,30.0,77,5,10,23,12,1.32,10,23,-13,-1.28,-2.16,0,14,2,0,7,11,17,N/a,N/a,0
Josh Cullen,IRL,MF,Burnley,30-018,18,18,"1,514",16.8,2,2,4,2,0,0,2,0,0.12,0.12,0.24,0.12,0.24,N/a,N/a,N/a,N/a,N/a,N/a,N/a,N/a,N/a,N/a,N/a,N/a,N/a,N/a,N/a,11,6,54.5,0.65,0.36,0.18,0.33,84,49.5,84,12,0,N/a,0,0.67,18,29,-11,-0.65,+0.69,0,16,18,0,12,24,19,N/a,N/a,1
Josh Laurent,ENG,"DF,MF",Burnley,30-354,30,17,"1,679",18.7,1,0,1,1,0,0,7,1,0.05,0.00,0.05,0.05,0.05,N/a,N/a,N/a,N/a,N/a,N/a,N/a,N/a,N/a,N/a,N/a,N/a,N/a,N/a,N/a,14,4,28.6,0.75,0.21,0.07,0.25,56,54.9,83,9,13,21,3,0.67,17,38,-21,-1.13,-0.28,0,27,11,2,14,27,23,N/a,N/a,0
Joshua Acheampong,ENG,DF,Chelsea,19-355,15,7,587,6.5,1,0,1,1,0,0,1,0,0.15,0.00,0.15,0.15,0.15,N/a,N/a,N/a,N/a,N/a,N/a,N/a,N/a,N/a,N/a,N/a,N/a,N/a,N/a,N/a,3,2,66.7,0.46,0.31,0.33,0.50,39,19.2,71,1,8,11,16,1.13,8,12,-4,-0.61,-1.05,0,2,5,2,1,11,7,N/a,N/a,0
Joshua King,ENG,MF,Fulham,19-112,27,15,"1,208",13.4,1,2,3,1,0,0,3,0,0.07,0.15,0.22,0.07,0.22,N/a,N/a,N/a,N/a,N/a,N/a,N/a,N/a,N/a,N/a,N/a,N/a,N/a,N/a,N/a,24,10,41.7,1.79,0.75,0.04,0.10,45,40.7,65,0,12,19,3,1.37,13,18,-5,-0.37,-0.47,0,11,25,2,11,3,10,N/a,N/a,0
Joshua Zirkzee,NED,"FW,MF",Manchester Utd,24-338,19,4,527,5.9,2,1,3,2,0,0,1,0,0.34,0.17,0.51,0.34,0.51,N/a,N/a,N/a,N/a,N/a,N/a,N/a,N/a,N/a,N/a,N/a,N/a,N/a,N/a,N/a,21,7,33.3,3.59,1.20,0.10,0.29,28,17.7,76,2,15,15,12,1.58,9,8,+1,+0.17,-0.27,0,7,5,1,5,1,5,N/a,N/a,0
José Sá,POR,GK,Wolves,33-098,20,20,"1,800",20.0,0,0,0,0,0,0,2,0,0.00,0.00,0.00,0.00,0.00,34,1.70,85,53,62.4,3,6,11,4,20.0,2,2,0,0,0.0,0,0,N/a,0.00,0.00,N/a,N/a,90,60.6,90,20,0,N/a,11,0.75,18,34,-16,-0.80,+0.82,0,0,6,0,0,0,0,N/a,N/a,0
João Gomes,BRA,MF,Wolves,25-072,31,28,"2,471",27.5,1,1,2,1,0,0,9,0,0.04,0.04,0.07,0.04,0.07,N/a,N/a,N/a,N/a,N/a,N/a,N/a,N/a,N/a,N/a,N/a,N/a,N/a,N/a,N/a,17,6,35.3,0.62,0.22,0.06,0.17,80,83.2,86,20,3,24,1,0.52,19,50,-31,-1.13,-0.05,0,60,41,1,28,32,60,N/a,N/a,0
João Palhinha,POR,"MF,DF",Tottenham Hotspur,30-290,28,19,"1,832",20.4,3,2,5,3,0,0,6,0,0.15,0.10,0.25,0.15,0.25,N/a,N/a,N/a,N/a,N/a,N/a,N/a,N/a,N/a,N/a,N/a,N/a,N/a,N/a,N/a,24,6,25.0,1.18,0.29,0.13,0.50,65,61.7,84,12,9,26,2,1.00,26,33,-7,-0.34,-0.03,0,22,27,0,4,22,54,N/a,N/a,0
João Pedro,BRA,"FW,MF",Chelsea,24-211,32,28,"2,391",26.6,14,5,19,14,0,0,4,0,0.53,0.19,0.72,0.53,0.72,N/a,N/a,N/a,N/a,N/a,N/a,N/a,N/a,N/a,N/a,N/a,N/a,N/a,N/a,N/a,66,27,40.9,2.48,1.02,0.21,0.52,75,78.1,81,11,4,31,0,1.50,45,30,+15,+0.56,+1.51,0,32,48,15,14,5,15,N/a,N/a,0
Joël Piroe,SUR,FW,Leeds United,26-266,14,2,228,2.5,0,0,0,0,0,0,0,0,0.00,0.00,0.00,0.00,0.00,N/a,N/a,N/a,N/a,N/a,N/a,N/a,N/a,N/a,N/a,N/a,N/a,N/a,N/a,N/a,11,2,18.2,4.34,0.79,0.00,0.00,16,7.5,67,0,12,8,19,0.86,3,7,-4,-1.58,-1.48,0,3,0,1,4,1,1,N/a,N/a,0
Joël Veltman,NED,DF,Brighton,34-100,21,8,898,10.0,1,0,1,1,0,0,4,0,0.10,0.00,0.10,0.10,0.10,N/a,N/a,N/a,N/a,N/a,N/a,N/a,N/a,N/a,N/a,N/a,N/a,N/a,N/a,N/a,3,1,33.3,0.30,0.10,0.33,1.00,43,29.3,86,7,13,16,8,1.86,16,11,+5,+0.50,+0.33,0,9,20,2,12,19,17,N/a,N/a,0
Joško Gvardiol,CRO,DF,Manchester City,24-092,16,15,"1,302",14.5,2,2,4,2,0,0,2,0,0.14,0.14,0.28,0.14,0.28,N/a,N/a,N/a,N/a,N/a,N/a,N/a,N/a,N/a,N/a,N/a,N/a,N/a,N/a,N/a,16,5,31.3,1.11,0.35,0.13,0.40,81,43.8,85,12,1,34,1,2.25,35,13,+22,+1.52,+0.71,0,16,7,0,2,14,13,N/a,N/a,0
Jurriën Timber,NED,DF,Arsenal,24-312,30,28,"2,454",27.3,3,5,8,3,0,0,5,0,0.11,0.18,0.29,0.11,0.29,N/a,N/a,N/a,N/a,N/a,N/a,N/a,N/a,N/a,N/a,N/a,N/a,N/a,N/a,N/a,25,7,28.0,0.92,0.26,0.12,0.43,82,82.6,85,23,2,34,0,2.23,51,20,+31,+1.14,+0.09,0,38,29,0,46,24,35,N/a,N/a,0
Justin Devenny,NIR,"MF,FW",Crystal Palace,22-196,19,5,616,6.8,1,0,1,0,1,1,0,0,0.15,0.00,0.15,0.00,0.00,N/a,N/a,N/a,N/a,N/a,N/a,N/a,N/a,N/a,N/a,N/a,N/a,N/a,N/a,N/a,13,4,30.8,1.90,0.58,0.00,0.00,32,21.4,82,1,14,15,11,1.42,6,10,-4,-0.58,-0.70,0,10,6,1,10,0,8,N/a,N/a,0
Justin Kluivert,NED,MF,Bournemouth,26-355,18,10,919,10.2,2,0,2,2,0,0,4,0,0.20,0.00,0.20,0.20,0.20,N/a,N/a,N/a,N/a,N/a,N/a,N/a,N/a,N/a,N/a,N/a,N/a,N/a,N/a,N/a,16,4,25.0,1.57,0.39,0.13,0.50,51,30.0,72,0,8,25,0,1.22,16,18,-2,-0.20,-0.28,0,15,9,1,40,4,7,N/a,N/a,0
Jørgen Strand Larsen,NOR,FW,Wolves,26-078,22,14,"1,404",15.6,1,1,2,0,1,2,2,0,0.06,0.06,0.13,0.00,0.06,N/a,N/a,N/a,N/a,N/a,N/a,N/a,N/a,N/a,N/a,N/a,N/a,N/a,N/a,N/a,21,7,33.3,1.35,0.45,0.00,0.00,64,47.3,83,7,8,31,0,0.36,6,26,-20,-1.28,-0.31,0,30,11,9,3,3,2,N/a,N/a,0
Kai Havertz,GER,"MF,FW",Arsenal,26-318,8,5,407,4.5,1,1,2,1,0,0,0,0,0.22,0.22,0.44,0.22,0.44,N/a,N/a,N/a,N/a,N/a,N/a,N/a,N/a,N/a,N/a,N/a,N/a,N/a,N/a,N/a,12,3,25.0,2.65,0.66,0.08,0.33,51,13.7,66,1,3,26,2,2.25,6,3,+3,+0.66,-0.53,0,5,8,2,2,0,3,N/a,N/a,0
Kaoru Mitoma,JPN,"MF,FW",Brighton,28-340,23,17,"1,574",17.5,3,1,4,3,0,0,3,0,0.17,0.06,0.23,0.17,0.23,N/a,N/a,N/a,N/a,N/a,N/a,N/a,N/a,N/a,N/a,N/a,N/a,N/a,N/a,N/a,28,13,46.4,1.60,0.74,0.11,0.23,68,51.4,83,9,6,28,0,1.39,21,17,+4,+0.23,-0.07,0,28,19,4,38,8,11,N/a,N/a,0
Karl Darlow,WAL,GK,Leeds United,35-199,18,18,"1,620",18.0,0,0,0,0,0,0,1,0,0.00,0.00,0.00,0.00,0.00,22,1.22,68,48,70.6,5,7,6,4,22.2,2,2,0,0,0.0,0,0,N/a,0.00,0.00,N/a,N/a,90,52.9,90,18,0,N/a,15,1.22,21,22,-1,-0.06,+0.32,0,0,5,0,0,0,0,N/a,N/a,0
Keane Lewis-Potter,ENG,"DF,MF",Brentford,25-062,31,17,"1,525",16.9,3,2,5,3,0,0,1,0,0.18,0.12,0.30,0.18,0.30,N/a,N/a,N/a,N/a,N/a,N/a,N/a,N/a,N/a,N/a,N/a,N/a,N/a,N/a,N/a,24,7,29.2,1.42,0.41,0.13,0.43,49,51.3,78,7,14,14,2,1.45,21,24,-3,-0.18,-0.61,0,15,28,3,55,7,11,N/a,N/a,0
Kenny Tete,NED,DF,Fulham,30-198,22,21,"1,791",19.9,1,0,1,1,0,0,2,0,0.05,0.00,0.05,0.05,0.05,N/a,N/a,N/a,N/a,N/a,N/a,N/a,N/a,N/a,N/a,N/a,N/a,N/a,N/a,N/a,16,3,18.8,0.80,0.15,0.06,0.33,81,60.3,85,15,1,8,2,1.55,24,24,0,0.00,+0.23,0,27,31,1,34,26,38,N/a,N/a,0
Kevin,BRA,MF,Fulham,23-111,23,8,908,10.1,1,1,2,1,0,0,1,0,0.10,0.10,0.20,0.10,0.20,N/a,N/a,N/a,N/a,N/a,N/a,N/a,N/a,N/a,N/a,N/a,N/a,N/a,N/a,N/a,22,9,40.9,2.18,0.89,0.05,0.11,39,30.6,69,0,15,24,1,1.39,12,14,-2,-0.20,-0.15,0,12,15,2,40,9,8,N/a,N/a,0
Kevin Danso,AUT,DF,Tottenham Hotspur,27-218,19,12,"1,044",11.6,0,0,0,0,0,0,5,0,0.00,0.00,0.00,0.00,0.00,N/a,N/a,N/a,N/a,N/a,N/a,N/a,N/a,N/a,N/a,N/a,N/a,N/a,N/a,N/a,4,1,25.0,0.34,0.09,0.00,0.00,55,35.2,83,9,7,8,10,1.21,14,22,-8,-0.69,-0.55,0,13,9,0,6,15,9,N/a,N/a,0
Kevin Schade,GER,"MF,FW",Brentford,24-149,30,28,"2,386",26.5,7,3,10,7,0,1,6,1,0.26,0.11,0.38,0.26,0.38,N/a,N/a,N/a,N/a,N/a,N/a,N/a,N/a,N/a,N/a,N/a,N/a,N/a,N/a,N/a,51,22,43.1,1.92,0.83,0.14,0.32,80,80.3,82,16,2,45,0,1.43,37,28,+9,+0.34,+1.11,0,42,41,9,20,19,24,N/a,N/a,0
Ki-Jana Hoever,NED,"MF,DF",Wolves,24-097,8,6,425,4.7,0,0,0,0,0,0,0,0,0.00,0.00,0.00,0.00,0.00,N/a,N/a,N/a,N/a,N/a,N/a,N/a,N/a,N/a,N/a,N/a,N/a,N/a,N/a,N/a,1,1,100.0,0.21,0.21,0.00,0.00,53,14.3,65,0,2,17,9,0.00,3,13,-10,-2.12,-1.16,0,3,3,1,22,5,11,N/a,N/a,0
Kieran Trippier,ENG,DF,Newcastle United,35-218,19,17,"1,501",16.7,0,1,1,0,0,0,3,0,0.00,0.06,0.06,0.00,0.06,N/a,N/a,N/a,N/a,N/a,N/a,N/a,N/a,N/a,N/a,N/a,N/a,N/a,N/a,N/a,2,0,0.0,0.12,0.00,0.00,N/a,79,50.5,84,11,2,35,5,0.95,19,26,-7,-0.42,-0.66,0,22,18,1,92,7,11,N/a,N/a,0
Kiernan Dewsbury-Hall,ENG,MF,Everton,27-231,26,25,"2,185",24.3,7,4,11,7,0,0,6,0,0.29,0.16,0.45,0.29,0.45,N/a,N/a,N/a,N/a,N/a,N/a,N/a,N/a,N/a,N/a,N/a,N/a,N/a,N/a,N/a,32,13,40.6,1.32,0.54,0.22,0.54,84,73.6,86,16,1,45,0,1.38,31,29,+2,+0.08,+0.20,0,26,41,1,97,11,23,N/a,N/a,0
Kobbie Mainoo,ENG,MF,Manchester Utd,21-006,23,11,"1,212",13.5,0,2,2,0,0,0,1,0,0.00,0.15,0.15,0.00,0.15,N/a,N/a,N/a,N/a,N/a,N/a,N/a,N/a,N/a,N/a,N/a,N/a,N/a,N/a,N/a,8,2,25.0,0.59,0.15,0.00,0.00,53,40.8,89,9,12,20,4,2.13,27,17,+10,+0.74,+0.59,0,8,16,1,13,10,14,N/a,N/a,0
Konstantinos Mavropanos,GRE,DF,West Ham United,28-135,26,22,"2,084",23.2,3,0,3,3,0,0,2,0,0.13,0.00,0.13,0.13,0.13,N/a,N/a,N/a,N/a,N/a,N/a,N/a,N/a,N/a,N/a,N/a,N/a,N/a,N/a,N/a,20,8,40.0,0.86,0.35,0.15,0.38,80,70.2,90,22,4,26,3,1.00,28,36,-8,-0.35,+0.57,0,10,8,1,3,40,20,N/a,N/a,1
Kristoffer Ajer,NOR,DF,Brentford,28-008,24,18,"1,628",18.1,0,1,1,0,0,0,3,0,0.00,0.06,0.06,0.00,0.06,N/a,N/a,N/a,N/a,N/a,N/a,N/a,N/a,N/a,N/a,N/a,N/a,N/a,N/a,N/a,10,3,30.0,0.55,0.17,0.00,0.00,68,54.8,83,12,6,22,7,1.38,27,27,0,0.00,-0.27,0,22,5,0,7,12,21,N/a,N/a,0
Kyle Walker,ENG,"DF,MF",Burnley,35-332,32,31,"2,736",30.4,0,2,2,0,0,0,9,0,0.00,0.07,0.07,0.00,0.07,N/a,N/a,N/a,N/a,N/a,N/a,N/a,N/a,N/a,N/a,N/a,N/a,N/a,N/a,N/a,3,0,0.0,0.10,0.00,0.00,N/a,86,89.4,88,28,1,9,1,0.63,27,59,-32,-1.05,-0.50,0,29,21,1,34,37,27,N/a,N/a,0
Kyle Walker-Peters,ENG,DF,West Ham United,29-012,20,12,"1,139",12.7,1,0,1,1,0,0,2,0,0.08,0.00,0.08,0.08,0.08,N/a,N/a,N/a,N/a,N/a,N/a,N/a,N/a,N/a,N/a,N/a,N/a,N/a,N/a,N/a,5,3,60.0,0.40,0.24,0.20,0.33,57,38.4,86,10,8,14,13,1.00,15,22,-7,-0.55,-0.06,0,9,22,1,15,8,26,N/a,N/a,0
Ladislav Krejčí,CZE,"DF,MF",Wolves,27-005,26,25,"2,201",24.5,2,1,3,2,0,0,5,1,0.08,0.04,0.12,0.08,0.12,N/a,N/a,N/a,N/a,N/a,N/a,N/a,N/a,N/a,N/a,N/a,N/a,N/a,N/a,N/a,19,10,52.6,0.78,0.41,0.11,0.20,85,74.1,86,20,1,48,1,0.54,18,43,-25,-1.02,+0.38,1,32,7,0,13,30,16,N/a,N/a,1
Lamare Bogarde,NED,"MF,DF",Aston Villa,22-110,24,8,807,9.0,0,0,0,0,0,0,5,0,0.00,0.00,0.00,0.00,0.00,N/a,N/a,N/a,N/a,N/a,N/a,N/a,N/a,N/a,N/a,N/a,N/a,N/a,N/a,N/a,0,0,N/a,0.00,0.00,N/a,N/a,34,27.2,80,3,16,11,9,1.71,13,13,0,0.00,-0.25,0,14,17,0,2,3,14,N/a,N/a,0
Leandro Trossard,BEL,"FW,MF",Arsenal,31-142,28,18,"1,731",19.2,5,5,10,5,0,0,1,0,0.26,0.26,0.52,0.26,0.52,N/a,N/a,N/a,N/a,N/a,N/a,N/a,N/a,N/a,N/a,N/a,N/a,N/a,N/a,N/a,44,11,25.0,2.29,0.57,0.11,0.45,62,58.3,80,3,10,30,2,2.14,37,15,+22,+1.14,+0.05,0,13,34,5,54,9,15,N/a,N/a,0
Leny Yoro,FRA,DF,Manchester Utd,20-163,29,18,"1,705",18.9,0,0,0,0,0,0,1,0,0.00,0.00,0.00,0.00,0.00,N/a,N/a,N/a,N/a,N/a,N/a,N/a,N/a,N/a,N/a,N/a,N/a,N/a,N/a,N/a,9,3,33.3,0.48,0.16,0.00,0.00,59,57.4,82,9,11,22,3,1.59,28,32,-4,-0.21,-1.42,0,16,5,2,3,30,19,N/a,N/a,0
Leon Bailey,JAM,MF,Aston Villa,28-259,9,2,340,3.8,0,1,1,0,0,0,1,0,0.00,0.26,0.26,0.00,0.26,N/a,N/a,N/a,N/a,N/a,N/a,N/a,N/a,N/a,N/a,N/a,N/a,N/a,N/a,N/a,6,1,16.7,1.59,0.26,0.00,0.00,38,11.4,61,0,7,31,2,1.22,5,8,-3,-0.79,-1.10,0,5,4,1,15,1,4,N/a,N/a,0
Lesley Ugochukwu,FRA,MF,Burnley,22-030,32,24,"2,114",23.5,3,1,4,3,0,0,3,1,0.13,0.04,0.17,0.13,0.17,N/a,N/a,N/a,N/a,N/a,N/a,N/a,N/a,N/a,N/a,N/a,N/a,N/a,N/a,N/a,21,7,33.3,0.89,0.30,0.14,0.43,66,69.1,78,5,8,29,1,0.59,25,46,-21,-0.89,+0.34,1,26,26,1,6,15,25,N/a,N/a,0
Lewis Cook,ENG,"MF,DF",Bournemouth,29-081,16,8,872,9.7,0,1,1,0,0,0,1,1,0.00,0.10,0.10,0.00,0.10,N/a,N/a,N/a,N/a,N/a,N/a,N/a,N/a,N/a,N/a,N/a,N/a,N/a,N/a,N/a,3,0,0.0,0.31,0.00,0.00,N/a,55,28.5,90,8,8,19,1,1.44,15,17,-2,-0.21,-0.29,0,8,5,0,44,21,17,N/a,N/a,0
Lewis Dunk,ENG,DF,Brighton,34-155,29,28,"2,565",28.5,0,0,0,0,0,0,10,0,0.00,0.00,0.00,0.00,0.00,N/a,N/a,N/a,N/a,N/a,N/a,N/a,N/a,N/a,N/a,N/a,N/a,N/a,N/a,N/a,19,2,10.5,0.67,0.07,0.00,0.00,88,83.8,90,28,1,45,1,1.45,41,35,+6,+0.21,-0.33,0,13,8,1,5,29,21,N/a,N/a,0
Lewis Hall,ENG,DF,Newcastle United,21-229,26,21,"1,888",21.0,1,1,2,1,0,0,3,0,0.05,0.05,0.10,0.05,0.10,N/a,N/a,N/a,N/a,N/a,N/a,N/a,N/a,N/a,N/a,N/a,N/a,N/a,N/a,N/a,22,5,22.7,1.05,0.24,0.05,0.20,73,63.6,86,16,5,18,3,1.23,29,35,-6,-0.29,-0.54,0,15,37,0,92,26,28,N/a,N/a,0
Lewis Miley,ENG,"MF,DF",Newcastle United,19-359,21,13,"1,316",14.6,1,4,5,1,0,0,0,0,0.07,0.27,0.34,0.07,0.34,N/a,N/a,N/a,N/a,N/a,N/a,N/a,N/a,N/a,N/a,N/a,N/a,N/a,N/a,N/a,12,4,33.3,0.82,0.27,0.08,0.25,63,44.3,88,11,8,22,5,1.29,22,20,+2,+0.14,+0.41,0,4,4,2,36,18,17,N/a,N/a,0
Liam Delap,ENG,FW,Chelsea,23-076,25,11,967,10.7,1,0,1,1,0,0,2,0,0.09,0.00,0.09,0.09,0.09,N/a,N/a,N/a,N/a,N/a,N/a,N/a,N/a,N/a,N/a,N/a,N/a,N/a,N/a,N/a,33,11,33.3,3.07,1.02,0.03,0.09,39,31.6,66,3,14,18,0,1.36,16,16,0,0.00,-0.34,0,22,18,4,6,1,3,N/a,N/a,0
Lisandro Martínez,ARG,DF,Manchester Utd,28-097,15,10,963,10.7,0,0,0,0,0,0,0,1,0.00,0.00,0.00,0.00,0.00,N/a,N/a,N/a,N/a,N/a,N/a,N/a,N/a,N/a,N/a,N/a,N/a,N/a,N/a,N/a,4,0,0.0,0.37,0.00,0.00,N/a,64,32.4,86,8,5,20,1,1.80,19,13,+6,+0.56,+0.25,0,9,2,0,2,11,8,N/a,N/a,1
Lorenzo Lucca,ITA,FW,Nottingham Forest,25-227,3,1,121,1.3,1,0,1,1,0,0,0,0,0.74,0.00,0.74,0.74,0.74,N/a,N/a,N/a,N/a,N/a,N/a,N/a,N/a,N/a,N/a,N/a,N/a,N/a,N/a,N/a,3,1,33.3,2.23,0.74,0.33,1.00,40,4.0,70,0,2,26,1,0.33,1,1,0,0.00,+0.12,0,1,2,1,0,1,0,N/a,N/a,0
Loum Tchaouna,FRA,"MF,FW",Burnley,22-229,25,10,937,10.4,1,0,1,1,0,0,1,0,0.10,0.00,0.10,0.10,0.10,N/a,N/a,N/a,N/a,N/a,N/a,N/a,N/a,N/a,N/a,N/a,N/a,N/a,N/a,N/a,17,7,41.2,1.63,0.67,0.06,0.14,37,30.6,67,0,15,18,9,0.40,9,17,-8,-0.77,+0.33,0,7,12,1,18,2,7,N/a,N/a,0
Lucas,BRA,"MF,DF",Burnley,25-032,16,12,"1,113",12.4,0,0,0,0,0,0,0,1,0.00,0.00,0.00,0.00,0.00,N/a,N/a,N/a,N/a,N/a,N/a,N/a,N/a,N/a,N/a,N/a,N/a,N/a,N/a,N/a,11,1,9.1,0.89,0.08,0.00,0.00,70,36.4,86,11,4,20,13,0.44,12,25,-13,-1.05,-0.08,0,11,3,4,47,14,19,N/a,N/a,0
Lucas Bergvall,SWE,MF,Tottenham Hotspur,20-082,20,11,926,10.3,1,3,4,1,0,0,2,0,0.10,0.29,0.39,0.10,0.39,N/a,N/a,N/a,N/a,N/a,N/a,N/a,N/a,N/a,N/a,N/a,N/a,N/a,N/a,N/a,11,5,45.5,1.07,0.49,0.09,0.20,46,31.2,66,0,9,22,3,1.00,13,17,-4,-0.39,-0.08,0,23,6,3,18,3,13,N/a,N/a,0
Lucas Digne,FRA,DF,Aston Villa,32-279,28,19,"1,655",18.4,0,5,5,0,0,0,3,0,0.00,0.27,0.27,0.00,0.27,N/a,N/a,N/a,N/a,N/a,N/a,N/a,N/a,N/a,N/a,N/a,N/a,N/a,N/a,N/a,12,5,41.7,0.65,0.27,0.00,0.00,59,55.7,79,8,9,16,5,1.82,25,20,+5,+0.27,+0.20,0,12,12,3,95,11,23,N/a,N/a,0
Lucas Paquetá,BRA,"MF,FW",West Ham United,28-241,18,18,"1,511",16.8,4,1,5,2,2,2,7,1,0.24,0.06,0.30,0.12,0.18,N/a,N/a,N/a,N/a,N/a,N/a,N/a,N/a,N/a,N/a,N/a,N/a,N/a,N/a,N/a,23,11,47.8,1.37,0.66,0.09,0.18,84,50.9,84,8,0,N/a,0,0.67,18,32,-14,-0.83,-0.65,1,27,30,5,36,7,22,N/a,N/a,0
Lucas Perri,BRA,GK,Leeds United,28-136,16,16,"1,440",16.0,0,0,0,0,0,0,2,0,0.00,0.00,0.00,0.00,0.00,29,1.81,63,38,60.3,4,6,6,3,18.8,4,4,0,0,0.0,0,0,N/a,0.00,0.00,N/a,N/a,90,47.1,90,16,0,N/a,14,1.13,23,29,-6,-0.37,-0.32,0,1,3,0,0,0,0,N/a,N/a,0
Luis Guilherme,BRA,FW,West Ham United,20-075,5,1,125,1.4,0,0,0,0,0,0,0,0,0.00,0.00,0.00,0.00,0.00,N/a,N/a,N/a,N/a,N/a,N/a,N/a,N/a,N/a,N/a,N/a,N/a,N/a,N/a,N/a,1,0,0.0,0.72,0.00,0.00,N/a,25,4.2,45,0,4,20,3,0.40,2,2,0,0.00,+0.54,0,0,0,0,0,0,1,N/a,N/a,0
Lukas Nmecha,GER,FW,Leeds United,27-132,27,9,908,10.1,6,1,7,4,2,3,0,0,0.59,0.10,0.69,0.40,0.50,N/a,N/a,N/a,N/a,N/a,N/a,N/a,N/a,N/a,N/a,N/a,N/a,N/a,N/a,N/a,27,14,51.9,2.68,1.39,0.15,0.29,34,29.7,69,0,18,16,3,1.04,12,19,-7,-0.69,-0.69,0,16,14,2,8,3,5,N/a,N/a,0
Luke O'Nien,ENG,DF,Sunderland,31-155,10,4,411,4.6,0,0,0,0,0,0,1,1,0.00,0.00,0.00,0.00,0.00,N/a,N/a,N/a,N/a,N/a,N/a,N/a,N/a,N/a,N/a,N/a,N/a,N/a,N/a,N/a,1,0,0.0,0.22,0.00,0.00,N/a,41,13.4,90,4,6,9,15,1.30,7,5,+2,+0.44,+0.81,0,5,6,0,7,5,4,N/a,N/a,0
Luke Shaw,ENG,DF,Manchester Utd,30-287,33,33,"2,795",31.1,0,1,1,0,0,0,6,0,0.00,0.03,0.03,0.00,0.03,N/a,N/a,N/a,N/a,N/a,N/a,N/a,N/a,N/a,N/a,N/a,N/a,N/a,N/a,N/a,6,2,33.3,0.19,0.06,0.00,0.00,85,94.1,85,20,0,N/a,0,1.76,55,41,+14,+0.45,+0.97,0,40,15,0,47,34,37,N/a,N/a,0
Lutsharel Geertruida,NED,"DF,MF",Sunderland,25-281,25,14,"1,423",15.8,0,0,0,0,0,0,1,0,0.00,0.00,0.00,0.00,0.00,N/a,N/a,N/a,N/a,N/a,N/a,N/a,N/a,N/a,N/a,N/a,N/a,N/a,N/a,N/a,8,2,25.0,0.51,0.13,0.00,0.00,57,46.5,86,11,11,20,6,1.24,11,21,-10,-0.63,-0.69,0,14,5,1,7,17,20,N/a,N/a,0
Lyle Foster,RSA,"FW,MF",Burnley,25-234,25,15,"1,349",15.0,3,2,5,3,0,0,4,0,0.20,0.13,0.33,0.20,0.33,N/a,N/a,N/a,N/a,N/a,N/a,N/a,N/a,N/a,N/a,N/a,N/a,N/a,N/a,N/a,20,6,30.0,1.33,0.40,0.15,0.50,54,44.1,75,3,10,22,2,0.56,11,30,-19,-1.27,-0.48,0,22,13,11,6,4,12,N/a,N/a,0
Mads Hermansen,DEN,GK,West Ham United,25-288,13,13,"1,170",13.0,0,0,0,0,0,0,0,0,0.00,0.00,0.00,0.00,0.00,20,1.54,61,40,67.2,4,4,5,6,46.2,0,0,0,0,N/a,0,0,N/a,0.00,0.00,N/a,N/a,90,39.4,90,13,0,N/a,20,1.23,15,20,-5,-0.38,+0.22,0,0,2,0,0,0,0,N/a,N/a,0
Malick Thiaw,GER,DF,Newcastle United,24-260,30,28,"2,515",27.9,4,0,4,4,0,0,4,0,0.14,0.00,0.14,0.14,0.14,N/a,N/a,N/a,N/a,N/a,N/a,N/a,N/a,N/a,N/a,N/a,N/a,N/a,N/a,N/a,27,13,48.1,0.97,0.47,0.15,0.31,84,84.7,88,26,2,24,3,1.23,40,46,-6,-0.21,-0.81,0,22,10,2,8,26,28,N/a,N/a,0
Malo Gusto,FRA,DF,Chelsea,22-341,31,23,"1,997",22.2,2,3,5,2,0,0,4,1,0.09,0.14,0.23,0.09,0.23,N/a,N/a,N/a,N/a,N/a,N/a,N/a,N/a,N/a,N/a,N/a,N/a,N/a,N/a,N/a,11,5,45.5,0.50,0.23,0.18,0.40,64,65.3,79,8,8,24,1,1.42,39,29,+10,+0.45,+0.62,1,16,18,1,49,26,22,N/a,N/a,0
Mamadou Sarr,SEN,DF,Chelsea,20-239,2,1,92,1.0,0,0,0,0,0,0,0,0,0.00,0.00,0.00,0.00,0.00,N/a,N/a,N/a,N/a,N/a,N/a,N/a,N/a,N/a,N/a,N/a,N/a,N/a,N/a,N/a,1,0,0.0,0.98,0.00,0.00,N/a,46,3.0,89,0,1,3,7,0.50,1,3,-2,-1.96,-2.26,0,0,0,0,0,1,0,N/a,N/a,0
Manuel Ugarte,URU,MF,Manchester Utd,25-014,22,8,887,9.9,0,0,0,0,0,0,1,0,0.00,0.00,0.00,0.00,0.00,N/a,N/a,N/a,N/a,N/a,N/a,N/a,N/a,N/a,N/a,N/a,N/a,N/a,N/a,N/a,13,1,7.7,1.32,0.10,0.00,0.00,40,29.9,80,3,14,17,11,1.55,12,23,-11,-1.12,-2.15,0,24,15,0,1,20,30,N/a,N/a,0
Marc Cucurella,ESP,DF,Chelsea,27-277,30,27,"2,347",26.1,1,3,4,1,0,0,6,1,0.04,0.12,0.15,0.04,0.15,N/a,N/a,N/a,N/a,N/a,N/a,N/a,N/a,N/a,N/a,N/a,N/a,N/a,N/a,N/a,18,5,27.8,0.69,0.19,0.06,0.20,78,76.7,83,22,3,34,0,1.50,41,30,+11,+0.42,+0.80,0,38,25,2,30,26,35,N/a,N/a,0
Marc Guiu,ESP,FW,Chelsea,20-111,8,1,257,2.9,0,1,1,0,0,0,1,0,0.00,0.35,0.35,0.00,0.35,N/a,N/a,N/a,N/a,N/a,N/a,N/a,N/a,N/a,N/a,N/a,N/a,N/a,N/a,N/a,12,2,16.7,4.20,0.70,0.00,0.00,32,8.4,75,0,7,26,17,1.63,6,2,+4,+1.40,+1.27,0,9,2,2,0,0,0,N/a,N/a,0
Marc Guéhi,ENG,DF,Crystal Palace,25-286,20,20,"1,800",20.0,2,2,4,2,0,0,4,0,0.10,0.10,0.20,0.10,0.20,N/a,N/a,N/a,N/a,N/a,N/a,N/a,N/a,N/a,N/a,N/a,N/a,N/a,N/a,N/a,15,4,26.7,0.75,0.20,0.13,0.50,90,62.5,90,20,0,N/a,0,1.35,22,23,-1,-0.05,-0.05,0,14,18,0,10,24,19,N/a,N/a,0
Marco Bizot,NED,GK,Aston Villa,35-046,6,5,495,5.5,0,0,0,0,0,0,2,0,0.00,0.00,0.00,0.00,0.00,9,1.64,25,17,68.0,2,2,1,2,40.0,1,1,0,0,0.0,0,0,N/a,0.00,0.00,N/a,N/a,83,16.7,90,5,1,45,26,1.50,8,9,-1,-0.18,-0.44,0,1,1,0,0,0,0,N/a,N/a,0
Marcos Senesi,ARG,DF,Bournemouth,28-350,33,33,"2,928",32.5,0,5,5,0,0,0,8,0,0.00,0.15,0.15,0.00,0.15,N/a,N/a,N/a,N/a,N/a,N/a,N/a,N/a,N/a,N/a,N/a,N/a,N/a,N/a,N/a,17,5,29.4,0.52,0.15,0.00,0.00,89,95.7,89,31,0,N/a,0,1.48,50,51,-1,-0.03,-0.71,0,32,33,1,27,46,31,N/a,N/a,0
Marcus Edwards,ENG,"MF,FW",Burnley,27-143,22,11,"1,051",11.7,1,3,4,1,0,0,0,0,0.09,0.26,0.34,0.09,0.34,N/a,N/a,N/a,N/a,N/a,N/a,N/a,N/a,N/a,N/a,N/a,N/a,N/a,N/a,N/a,22,6,27.3,1.88,0.51,0.05,0.17,48,34.3,79,2,11,16,10,0.45,14,18,-4,-0.34,+1.00,0,7,18,1,18,3,6,N/a,N/a,0
Marcus Tavernier,ENG,MF,Bournemouth,27-034,30,27,"2,389",26.5,6,4,10,4,2,2,5,0,0.23,0.15,0.38,0.15,0.30,N/a,N/a,N/a,N/a,N/a,N/a,N/a,N/a,N/a,N/a,N/a,N/a,N/a,N/a,N/a,63,20,31.7,2.37,0.75,0.06,0.20,80,78.1,86,13,3,24,0,1.30,39,42,-3,-0.11,-0.52,0,29,32,4,94,14,19,N/a,N/a,0
Marshall Munetsi,ZIM,"MF,FW",Wolves,29-307,13,9,875,9.7,1,1,2,1,0,0,2,0,0.10,0.10,0.21,0.10,0.21,N/a,N/a,N/a,N/a,N/a,N/a,N/a,N/a,N/a,N/a,N/a,N/a,N/a,N/a,N/a,14,6,42.9,1.44,0.62,0.07,0.17,67,29.5,86,6,4,24,1,0.15,6,19,-13,-1.34,-0.31,0,19,10,4,14,5,13,N/a,N/a,0
Martin Dúbravka,SVK,GK,Burnley,37-100,34,34,"3,060",34.0,0,0,0,0,0,0,1,0,0.00,0.00,0.00,0.00,0.00,68,2.00,184,122,66.3,4,8,22,4,11.8,7,6,0,1,0.0,0,0,N/a,0.00,0.00,N/a,N/a,90,100.0,90,34,0,N/a,0,0.59,34,68,-34,-1.00,N/a,0,0,7,0,0,0,1,N/a,N/a,0
Martin Ødegaard,NOR,MF,Arsenal,27-129,21,14,"1,166",13.0,1,5,6,1,0,0,0,0,0.08,0.39,0.46,0.08,0.46,N/a,N/a,N/a,N/a,N/a,N/a,N/a,N/a,N/a,N/a,N/a,N/a,N/a,N/a,N/a,20,7,35.0,1.54,0.54,0.05,0.14,56,39.3,70,6,7,27,0,2.05,26,13,+13,+1.00,-0.19,0,9,7,2,21,7,7,N/a,N/a,0
Martín Zubimendi,ESP,MF,Arsenal,27-082,33,32,"2,755",30.6,5,1,6,5,0,0,4,0,0.16,0.03,0.20,0.16,0.20,N/a,N/a,N/a,N/a,N/a,N/a,N/a,N/a,N/a,N/a,N/a,N/a,N/a,N/a,N/a,26,9,34.6,0.85,0.29,0.19,0.56,83,92.8,84,21,1,61,0,2.12,54,24,+30,+0.98,-1.95,0,29,13,1,12,37,35,N/a,N/a,0
Mason Mount,ENG,MF,Manchester Utd,27-105,19,10,827,9.2,3,0,3,3,0,0,1,0,0.33,0.00,0.33,0.33,0.33,N/a,N/a,N/a,N/a,N/a,N/a,N/a,N/a,N/a,N/a,N/a,N/a,N/a,N/a,N/a,18,5,27.8,1.96,0.54,0.17,0.60,44,27.8,68,2,9,17,5,1.74,16,14,+2,+0.22,-0.24,0,14,9,0,18,3,8,N/a,N/a,0
Mateus Fernandes,POR,MF,West Ham United,21-289,31,30,"2,566",28.5,3,3,6,3,0,0,7,0,0.11,0.11,0.21,0.11,0.21,N/a,N/a,N/a,N/a,N/a,N/a,N/a,N/a,N/a,N/a,N/a,N/a,N/a,N/a,N/a,22,5,22.7,0.77,0.18,0.14,0.60,83,86.4,85,18,1,26,0,1.06,34,42,-8,-0.28,+1.72,0,45,44,0,48,30,58,N/a,N/a,0
Mateus Mane,POR,MF,Wolves,18-221,22,14,"1,369",15.2,2,1,3,2,0,0,0,0,0.13,0.07,0.20,0.13,0.20,N/a,N/a,N/a,N/a,N/a,N/a,N/a,N/a,N/a,N/a,N/a,N/a,N/a,N/a,N/a,30,12,40.0,1.97,0.79,0.07,0.17,62,46.1,85,11,8,23,0,0.68,13,24,-11,-0.72,+0.74,0,23,37,1,56,3,11,N/a,N/a,0
Matheus Cunha,BRA,"MF,FW",Manchester Utd,26-333,30,26,"2,239",24.9,8,2,10,8,0,0,3,0,0.32,0.08,0.40,0.32,0.40,N/a,N/a,N/a,N/a,N/a,N/a,N/a,N/a,N/a,N/a,N/a,N/a,N/a,N/a,N/a,78,32,41.0,3.14,1.29,0.10,0.25,75,75.4,83,15,4,24,0,1.83,42,31,+11,+0.44,+0.20,0,22,50,2,45,18,19,N/a,N/a,0
Matheus Nunes,POR,DF,Manchester City,27-241,30,28,"2,535",28.2,1,5,6,1,0,0,4,0,0.04,0.18,0.21,0.04,0.21,N/a,N/a,N/a,N/a,N/a,N/a,N/a,N/a,N/a,N/a,N/a,N/a,N/a,N/a,N/a,7,2,28.6,0.25,0.07,0.14,0.50,85,85.4,88,25,2,35,2,2.23,59,24,+35,+1.24,+0.83,0,14,27,4,59,26,38,N/a,N/a,0
Mathias Jensen,DEN,MF,Brentford,30-114,31,21,"1,833",20.4,2,1,3,2,0,0,3,0,0.10,0.05,0.15,0.10,0.15,N/a,N/a,N/a,N/a,N/a,N/a,N/a,N/a,N/a,N/a,N/a,N/a,N/a,N/a,N/a,24,7,29.2,1.18,0.34,0.08,0.29,59,61.7,81,10,10,13,2,1.55,29,25,+4,+0.20,+0.20,0,15,10,2,101,14,20,N/a,N/a,0
Mathys Tel,FRA,"MF,FW",Tottenham Hotspur,20-363,26,9,969,10.8,3,0,3,3,0,0,0,0,0.28,0.00,0.28,0.28,0.28,N/a,N/a,N/a,N/a,N/a,N/a,N/a,N/a,N/a,N/a,N/a,N/a,N/a,N/a,N/a,27,7,25.9,2.51,0.65,0.11,0.43,37,32.6,75,2,17,17,7,0.81,20,20,0,0.00,+0.49,0,12,18,3,66,1,10,N/a,N/a,0
Mats Wieffer,NED,DF,Brighton,26-160,24,21,"1,796",20.0,2,3,5,2,0,0,8,0,0.10,0.15,0.25,0.10,0.25,N/a,N/a,N/a,N/a,N/a,N/a,N/a,N/a,N/a,N/a,N/a,N/a,N/a,N/a,N/a,18,6,33.3,0.90,0.30,0.11,0.33,75,58.7,81,13,3,29,0,1.67,31,22,+9,+0.45,+0.45,0,29,22,2,15,24,41,N/a,N/a,0
Matt Doherty,IRL,"DF,MF",Wolves,34-099,10,10,702,7.8,0,0,0,0,0,0,4,0,0.00,0.00,0.00,0.00,0.00,N/a,N/a,N/a,N/a,N/a,N/a,N/a,N/a,N/a,N/a,N/a,N/a,N/a,N/a,N/a,3,0,0.0,0.38,0.00,0.00,N/a,70,23.6,70,3,0,N/a,13,0.50,2,14,-12,-1.54,-0.55,0,16,5,0,8,7,7,N/a,N/a,0
Matt O'Riley,DEN,MF,Brighton,25-155,6,2,204,2.3,1,0,1,0,1,1,0,0,0.44,0.00,0.44,0.00,0.00,N/a,N/a,N/a,N/a,N/a,N/a,N/a,N/a,N/a,N/a,N/a,N/a,N/a,N/a,N/a,4,2,50.0,1.76,0.88,0.00,0.00,34,6.7,89,1,4,7,3,1.33,2,3,-1,-0.44,-0.76,0,2,1,1,6,0,2,N/a,N/a,0
Matthijs de Ligt,NED,DF,Manchester Utd,26-256,13,13,"1,170",13.0,1,0,1,1,0,0,0,0,0.08,0.00,0.08,0.08,0.08,N/a,N/a,N/a,N/a,N/a,N/a,N/a,N/a,N/a,N/a,N/a,N/a,N/a,N/a,N/a,11,3,27.3,0.85,0.23,0.09,0.33,90,39.4,90,13,0,N/a,0,1.62,21,20,+1,+0.08,-0.52,0,6,5,0,4,11,13,N/a,N/a,0
Matty Cash,POL,DF,Aston Villa,28-261,30,30,"2,620",29.1,3,2,5,3,0,0,8,0,0.10,0.07,0.17,0.10,0.17,N/a,N/a,N/a,N/a,N/a,N/a,N/a,N/a,N/a,N/a,N/a,N/a,N/a,N/a,N/a,29,10,34.5,1.00,0.34,0.10,0.30,87,88.2,87,23,0,N/a,0,1.83,42,31,+11,+0.38,+1.66,0,40,27,4,113,22,24,N/a,N/a,0
Matz Sels,BEL,GK,Nottingham Forest,34-058,27,26,"2,308",25.6,0,0,0,0,0,0,2,0,0.00,0.00,0.00,0.00,0.00,33,1.29,106,77,72.6,9,8,9,7,26.9,4,4,0,0,0.0,0,0,N/a,0.00,0.00,N/a,N/a,85,75.4,88,25,1,13,3,1.30,35,33,+2,+0.08,+0.80,0,0,4,0,0,0,1,N/a,N/a,0
Max Alleyne,ENG,DF,Manchester City,20-278,2,2,135,1.5,0,0,0,0,0,0,0,0,0.00,0.00,0.00,0.00,0.00,N/a,N/a,N/a,N/a,N/a,N/a,N/a,N/a,N/a,N/a,N/a,N/a,N/a,N/a,N/a,2,1,50.0,1.33,0.67,0.00,0.00,68,4.5,68,1,0,N/a,4,0.50,1,1,0,0.00,-1.17,0,0,0,0,0,3,3,N/a,N/a,0
Max Kilman,ENG,DF,West Ham United,28-337,21,17,"1,561",17.3,0,0,0,0,0,0,4,0,0.00,0.00,0.00,0.00,0.00,N/a,N/a,N/a,N/a,N/a,N/a,N/a,N/a,N/a,N/a,N/a,N/a,N/a,N/a,N/a,7,1,14.3,0.40,0.06,0.00,0.00,74,52.6,90,17,4,8,10,0.95,18,37,-19,-1.10,-1.22,0,16,2,0,2,6,8,N/a,N/a,0
Maxence Lacroix,FRA,DF,Crystal Palace,26-019,30,30,"2,665",29.6,1,2,3,1,0,0,3,1,0.03,0.07,0.10,0.03,0.10,N/a,N/a,N/a,N/a,N/a,N/a,N/a,N/a,N/a,N/a,N/a,N/a,N/a,N/a,N/a,21,4,19.0,0.71,0.14,0.05,0.25,89,92.5,89,29,0,N/a,0,1.23,31,33,-2,-0.07,-0.49,0,30,17,0,5,40,33,N/a,N/a,0
Maxim De Cuyper,BEL,"DF,MF",Brighton,25-124,26,14,"1,182",13.1,2,1,3,2,0,0,2,0,0.15,0.08,0.23,0.15,0.23,N/a,N/a,N/a,N/a,N/a,N/a,N/a,N/a,N/a,N/a,N/a,N/a,N/a,N/a,N/a,11,6,54.5,0.84,0.46,0.18,0.33,45,38.6,69,4,12,18,6,1.50,18,19,-1,-0.08,-0.56,0,16,18,1,58,9,10,N/a,N/a,0
Maxime Estève,FRA,DF,Burnley,23-334,31,31,"2,671",29.7,0,0,0,0,0,0,1,0,0.00,0.00,0.00,0.00,0.00,N/a,N/a,N/a,N/a,N/a,N/a,N/a,N/a,N/a,N/a,N/a,N/a,N/a,N/a,N/a,10,1,10.0,0.34,0.03,0.00,0.00,86,87.3,86,26,0,N/a,0,0.58,31,64,-33,-1.11,-0.88,0,11,12,0,6,33,23,N/a,N/a,2
Melker Ellborg,SWE,GK,Sunderland,22-338,3,3,270,3.0,0,0,0,0,0,0,0,0,0.00,0.00,0.00,0.00,0.00,2,0.67,12,10,83.3,2,0,1,1,33.3,0,0,0,0,N/a,0,0,N/a,0.00,0.00,N/a,N/a,90,8.8,90,3,0,N/a,7,2.00,3,2,+1,+0.33,+0.66,0,0,1,0,0,0,0,N/a,N/a,0
Merlin Röhl,GER,MF,Everton,23-294,12,2,366,4.1,0,0,0,0,0,0,0,0,0.00,0.00,0.00,0.00,0.00,N/a,N/a,N/a,N/a,N/a,N/a,N/a,N/a,N/a,N/a,N/a,N/a,N/a,N/a,N/a,7,0,0.0,1.72,0.00,0.00,N/a,31,12.3,90,2,10,19,10,1.25,6,6,0,0.00,-0.03,0,9,3,1,4,2,10,N/a,N/a,0
Michael Kayode,ITA,DF,Brentford,21-289,32,32,"2,808",31.2,1,1,2,1,0,0,6,0,0.03,0.03,0.06,0.03,0.06,N/a,N/a,N/a,N/a,N/a,N/a,N/a,N/a,N/a,N/a,N/a,N/a,N/a,N/a,N/a,8,2,25.0,0.26,0.06,0.13,0.50,88,94.5,88,26,0,N/a,0,1.50,47,41,+6,+0.19,+1.30,0,22,44,1,53,35,44,N/a,N/a,1
Michael Keane,ENG,DF,Everton,33-104,28,24,"2,141",23.8,3,0,3,3,0,0,0,1,0.13,0.00,0.13,0.13,0.13,N/a,N/a,N/a,N/a,N/a,N/a,N/a,N/a,N/a,N/a,N/a,N/a,N/a,N/a,N/a,21,6,28.6,0.88,0.25,0.14,0.50,76,72.1,89,22,4,4,1,1.29,24,31,-7,-0.29,-1.16,0,14,6,0,1,34,21,N/a,N/a,0
Micky van de Ven,NED,DF,Tottenham Hotspur,25-006,30,30,"2,591",28.8,4,1,5,4,0,0,8,1,0.14,0.03,0.17,0.14,0.17,N/a,N/a,N/a,N/a,N/a,N/a,N/a,N/a,N/a,N/a,N/a,N/a,N/a,N/a,N/a,15,6,40.0,0.52,0.21,0.27,0.67,86,87.2,86,27,0,N/a,1,0.93,37,43,-6,-0.21,+0.98,0,23,18,1,3,20,17,N/a,N/a,0
Mikel Merino,ESP,"MF,FW",Arsenal,29-307,21,10,"1,007",11.2,4,3,7,4,0,0,1,0,0.36,0.27,0.63,0.36,0.63,N/a,N/a,N/a,N/a,N/a,N/a,N/a,N/a,N/a,N/a,N/a,N/a,N/a,N/a,N/a,21,8,38.1,1.88,0.71,0.19,0.50,48,33.9,77,5,11,22,2,2.19,22,9,+13,+1.16,+0.06,0,21,20,3,4,9,13,N/a,N/a,0
Mikkel Damsgaard,DEN,MF,Brentford,25-296,28,20,"1,710",19.0,3,4,7,3,0,0,0,0,0.16,0.21,0.37,0.16,0.37,N/a,N/a,N/a,N/a,N/a,N/a,N/a,N/a,N/a,N/a,N/a,N/a,N/a,N/a,N/a,23,9,39.1,1.21,0.47,0.13,0.33,61,57.6,77,7,8,22,2,1.50,31,27,+4,+0.21,+0.21,0,17,20,3,84,18,29,N/a,N/a,0
Milos Kerkez,HUN,DF,Liverpool,22-169,29,25,"2,033",22.6,2,1,3,2,0,0,4,0,0.09,0.04,0.13,0.09,0.13,N/a,N/a,N/a,N/a,N/a,N/a,N/a,N/a,N/a,N/a,N/a,N/a,N/a,N/a,N/a,8,2,25.0,0.35,0.09,0.25,1.00,70,68.5,79,13,4,17,4,1.55,37,30,+7,+0.31,-0.07,0,19,23,4,75,13,26,N/a,N/a,0
Mohamed Salah,EGY,MF,Liverpool,33-314,24,21,"1,998",22.2,7,6,13,6,1,1,1,0,0.32,0.27,0.59,0.27,0.54,N/a,N/a,N/a,N/a,N/a,N/a,N/a,N/a,N/a,N/a,N/a,N/a,N/a,N/a,N/a,63,17,27.0,2.84,0.77,0.10,0.35,83,67.3,89,16,3,46,2,1.71,36,33,+3,+0.14,-0.61,0,10,16,13,104,3,12,N/a,N/a,0
Mohammed Kudus,GHA,"MF,FW",Tottenham Hotspur,25-266,19,19,"1,535",17.1,2,5,7,2,0,0,3,0,0.12,0.29,0.41,0.12,0.41,N/a,N/a,N/a,N/a,N/a,N/a,N/a,N/a,N/a,N/a,N/a,N/a,N/a,N/a,N/a,26,9,34.6,1.52,0.53,0.08,0.22,81,51.7,81,8,0,N/a,0,1.37,22,20,+2,+0.12,+0.93,0,23,15,10,122,3,17,N/a,N/a,0
Moisés Caicedo,ECU,MF,Chelsea,24-174,29,28,"2,441",27.1,3,1,4,3,0,0,9,1,0.11,0.04,0.15,0.11,0.15,N/a,N/a,N/a,N/a,N/a,N/a,N/a,N/a,N/a,N/a,N/a,N/a,N/a,N/a,N/a,26,7,26.9,0.96,0.26,0.12,0.43,84,79.8,86,23,1,45,1,1.38,46,39,+7,+0.26,+0.11,0,43,45,0,8,53,44,N/a,N/a,0
Morato,BRA,DF,Nottingham Forest,24-299,17,10,985,10.9,0,0,0,0,0,0,4,0,0.00,0.00,0.00,0.00,0.00,N/a,N/a,N/a,N/a,N/a,N/a,N/a,N/a,N/a,N/a,N/a,N/a,N/a,N/a,N/a,4,1,25.0,0.37,0.09,0.00,0.00,58,32.2,89,9,7,14,16,1.29,6,17,-11,-1.01,-1.31,0,11,7,1,1,8,16,N/a,N/a,0
Morgan Gibbs-White,ENG,MF,Nottingham Forest,26-088,34,33,"2,897",32.2,13,3,16,12,1,1,1,0,0.40,0.09,0.50,0.37,0.47,N/a,N/a,N/a,N/a,N/a,N/a,N/a,N/a,N/a,N/a,N/a,N/a,N/a,N/a,N/a,75,28,37.3,2.33,0.87,0.16,0.43,85,94.7,86,18,1,45,0,1.15,38,41,-3,-0.09,+0.46,0,24,39,5,38,10,15,N/a,N/a,0
Morgan Rogers,ENG,MF,Aston Villa,23-273,33,33,"2,920",32.4,9,5,14,9,0,0,6,0,0.28,0.15,0.43,0.28,0.43,N/a,N/a,N/a,N/a,N/a,N/a,N/a,N/a,N/a,N/a,N/a,N/a,N/a,N/a,N/a,76,31,40.8,2.34,0.96,0.12,0.29,88,98.3,88,28,0,N/a,0,1.76,46,41,+5,+0.15,-1.65,0,40,43,3,46,13,18,N/a,N/a,0
Murillo,BRA,DF,Nottingham Forest,23-295,25,25,"2,130",23.7,1,0,1,1,0,0,5,0,0.04,0.00,0.04,0.04,0.04,N/a,N/a,N/a,N/a,N/a,N/a,N/a,N/a,N/a,N/a,N/a,N/a,N/a,N/a,N/a,11,4,36.4,0.46,0.17,0.09,0.25,85,69.6,85,22,0,N/a,1,1.24,29,29,0,0.00,+0.39,0,23,7,0,2,29,23,N/a,N/a,2
Myles Lewis-Skelly,ENG,DF,Arsenal,19-211,15,2,411,4.6,0,0,0,0,0,0,3,0,0.00,0.00,0.00,0.00,0.00,N/a,N/a,N/a,N/a,N/a,N/a,N/a,N/a,N/a,N/a,N/a,N/a,N/a,N/a,N/a,2,0,0.0,0.44,0.00,0.00,N/a,27,13.8,80,1,13,19,17,2.33,10,7,+3,+0.66,-0.54,0,7,6,1,0,3,5,N/a,N/a,0
Nathan Aké,NED,DF,Manchester City,31-066,15,4,496,5.5,0,0,0,0,0,0,1,0,0.00,0.00,0.00,0.00,0.00,N/a,N/a,N/a,N/a,N/a,N/a,N/a,N/a,N/a,N/a,N/a,N/a,N/a,N/a,N/a,4,0,0.0,0.73,0.00,0.00,N/a,33,16.7,86,3,11,14,16,2.07,5,7,-2,-0.36,-1.78,0,2,6,1,4,4,6,N/a,N/a,0
Nathan Collins,IRL,DF,Brentford,24-360,30,27,"2,525",28.1,1,2,3,1,0,0,5,0,0.04,0.07,0.11,0.04,0.11,N/a,N/a,N/a,N/a,N/a,N/a,N/a,N/a,N/a,N/a,N/a,N/a,N/a,N/a,N/a,19,6,31.6,0.68,0.21,0.05,0.17,84,85.0,90,27,3,32,3,1.37,39,36,+3,+0.11,-0.10,0,17,16,2,1,31,9,N/a,N/a,1
Nathan Patterson,SCO,DF,Everton,24-191,6,3,240,2.7,0,0,0,0,0,0,0,0,0.00,0.00,0.00,0.00,0.00,N/a,N/a,N/a,N/a,N/a,N/a,N/a,N/a,N/a,N/a,N/a,N/a,N/a,N/a,N/a,1,1,100.0,0.37,0.37,0.00,0.00,40,8.1,77,1,3,3,18,1.67,3,1,+2,+0.75,+0.78,0,2,2,1,6,2,4,N/a,N/a,0
Nathaniel Clyne,ENG,MF,Crystal Palace,35-020,8,6,495,5.5,0,1,1,0,0,0,1,0,0.00,0.18,0.18,0.00,0.18,N/a,N/a,N/a,N/a,N/a,N/a,N/a,N/a,N/a,N/a,N/a,N/a,N/a,N/a,N/a,3,0,0.0,0.55,0.00,0.00,N/a,62,17.2,69,0,2,41,20,1.25,5,9,-4,-0.73,-0.84,0,4,1,0,14,7,9,N/a,N/a,0
Nayef Aguerd,MAR,DF,West Ham United,30-026,2,2,180,2.0,0,0,0,0,0,0,0,0,0.00,0.00,0.00,0.00,0.00,N/a,N/a,N/a,N/a,N/a,N/a,N/a,N/a,N/a,N/a,N/a,N/a,N/a,N/a,N/a,2,0,0.0,1.00,0.00,0.00,N/a,90,6.1,90,2,0,N/a,0,0.00,1,8,-7,-3.50,-3.18,0,0,1,0,2,1,0,N/a,N/a,0
Neco Williams,WAL,DF,Nottingham Forest,25-012,33,33,"2,888",32.1,2,3,5,2,0,0,6,1,0.06,0.09,0.16,0.06,0.16,N/a,N/a,N/a,N/a,N/a,N/a,N/a,N/a,N/a,N/a,N/a,N/a,N/a,N/a,N/a,42,18,42.9,1.31,0.56,0.05,0.11,88,94.4,88,30,0,N/a,0,1.18,40,41,-1,-0.03,+1.54,0,26,49,4,124,40,54,N/a,N/a,0
Nick Pope,ENG,GK,Newcastle United,34-006,22,22,"1,966",21.8,0,0,0,0,0,0,1,0,0.00,0.00,0.00,0.00,0.00,32,1.46,97,67,69.1,8,4,10,7,31.8,2,2,0,0,0.0,1,1,100.0,0.05,0.05,0.00,0.00,89,66.2,89,21,0,N/a,6,1.27,30,32,-2,-0.09,0.00,0,0,2,0,0,0,1,N/a,N/a,0
Nick Woltemade,GER,"FW,MF",Newcastle United,24-070,29,21,"1,676",18.6,7,3,10,6,1,1,0,0,0.38,0.16,0.54,0.32,0.48,N/a,N/a,N/a,N/a,N/a,N/a,N/a,N/a,N/a,N/a,N/a,N/a,N/a,N/a,N/a,31,12,38.7,1.66,0.64,0.19,0.50,58,56.4,74,3,8,16,0,1.28,28,27,+1,+0.05,+0.33,0,20,18,8,3,4,12,N/a,N/a,1
Niclas Füllkrug,GER,FW,West Ham United,33-075,8,5,409,4.5,0,0,0,0,0,0,0,0,0.00,0.00,0.00,0.00,0.00,N/a,N/a,N/a,N/a,N/a,N/a,N/a,N/a,N/a,N/a,N/a,N/a,N/a,N/a,N/a,9,3,33.3,1.98,0.66,0.00,0.00,51,13.8,69,1,3,21,2,0.63,2,11,-9,-1.98,-1.70,0,11,1,2,0,2,1,N/a,N/a,0
Nico O’Reilly,ENG,"DF,MF",Manchester City,21-035,31,26,"2,376",26.4,5,3,8,5,0,0,4,0,0.19,0.11,0.30,0.19,0.30,N/a,N/a,N/a,N/a,N/a,N/a,N/a,N/a,N/a,N/a,N/a,N/a,N/a,N/a,N/a,36,14,38.9,1.36,0.53,0.14,0.36,77,80.0,86,19,5,27,1,2.23,56,21,+35,+1.33,+1.02,0,40,16,1,33,20,35,N/a,N/a,0
Nicolás Domínguez,ARG,MF,Nottingham Forest,27-301,23,14,990,11.0,1,1,2,1,0,0,3,0,0.09,0.09,0.18,0.09,0.18,N/a,N/a,N/a,N/a,N/a,N/a,N/a,N/a,N/a,N/a,N/a,N/a,N/a,N/a,N/a,16,5,31.3,1.45,0.45,0.06,0.20,43,32.4,62,1,9,14,4,1.26,12,17,-5,-0.45,-0.50,0,15,9,0,13,4,24,N/a,N/a,0
Nicolás González,ESP,MF,Manchester City,24-112,23,15,"1,405",15.6,1,0,1,1,0,0,6,0,0.06,0.00,0.06,0.06,0.06,N/a,N/a,N/a,N/a,N/a,N/a,N/a,N/a,N/a,N/a,N/a,N/a,N/a,N/a,N/a,13,2,15.4,0.83,0.13,0.08,0.50,61,47.3,80,9,8,25,7,2.26,37,13,+24,+1.54,+0.79,0,28,18,0,2,23,28,N/a,N/a,0
Nicolò Savona,ITA,DF,Nottingham Forest,23-037,14,11,"1,028",11.4,2,0,2,2,0,0,2,0,0.18,0.00,0.18,0.18,0.18,N/a,N/a,N/a,N/a,N/a,N/a,N/a,N/a,N/a,N/a,N/a,N/a,N/a,N/a,N/a,5,3,60.0,0.44,0.26,0.40,0.67,73,33.6,85,9,3,31,4,0.93,13,18,-5,-0.44,-0.48,0,12,5,1,27,5,12,N/a,N/a,0
Nikola Milenković,SRB,DF,Nottingham Forest,28-195,34,34,"3,060",34.0,0,0,0,0,0,0,6,0,0.00,0.00,0.00,0.00,0.00,N/a,N/a,N/a,N/a,N/a,N/a,N/a,N/a,N/a,N/a,N/a,N/a,N/a,N/a,N/a,15,1,6.7,0.44,0.03,0.00,0.00,90,100.0,90,34,0,N/a,0,1.15,41,45,-4,-0.12,N/a,0,18,19,1,2,29,18,N/a,N/a,1
Nilson Angulo,ECU,MF,Sunderland,22-310,5,3,256,2.8,0,0,0,0,0,0,0,0,0.00,0.00,0.00,0.00,0.00,N/a,N/a,N/a,N/a,N/a,N/a,N/a,N/a,N/a,N/a,N/a,N/a,N/a,N/a,N/a,3,2,66.7,1.05,0.70,0.00,0.00,51,8.4,78,0,2,11,0,0.80,1,4,-3,-1.05,-0.86,0,7,2,1,7,2,5,N/a,N/a,0
Noah Okafor,SUI,"FW,MF",Leeds United,25-336,27,18,"1,497",16.6,7,1,8,7,0,0,3,0,0.42,0.06,0.48,0.42,0.48,N/a,N/a,N/a,N/a,N/a,N/a,N/a,N/a,N/a,N/a,N/a,N/a,N/a,N/a,N/a,33,14,42.4,1.98,0.84,0.21,0.50,55,48.9,72,1,9,22,1,1.26,26,26,0,0.00,+0.40,0,18,14,0,34,11,14,N/a,N/a,0
Noah Sadiki,COD,MF,Sunderland,21-129,29,29,"2,562",28.5,0,1,1,0,0,0,8,0,0.00,0.04,0.04,0.00,0.04,N/a,N/a,N/a,N/a,N/a,N/a,N/a,N/a,N/a,N/a,N/a,N/a,N/a,N/a,N/a,16,4,25.0,0.56,0.14,0.00,0.00,88,83.7,88,24,0,N/a,0,1.45,33,39,-6,-0.21,+0.33,0,28,32,1,17,30,24,N/a,N/a,0
Noni Madueke,ENG,"FW,MF",Arsenal,24-046,22,14,993,11.0,2,1,3,2,0,0,0,0,0.18,0.09,0.27,0.18,0.27,N/a,N/a,N/a,N/a,N/a,N/a,N/a,N/a,N/a,N/a,N/a,N/a,N/a,N/a,N/a,19,6,31.6,1.72,0.54,0.11,0.33,45,33.4,62,0,8,16,5,1.77,20,9,+11,+1.00,-0.19,0,13,14,2,70,4,10,N/a,N/a,0
Nordi Mukiele,FRA,DF,Sunderland,28-175,28,28,"2,424",26.9,2,3,5,2,0,0,5,0,0.07,0.11,0.19,0.07,0.19,N/a,N/a,N/a,N/a,N/a,N/a,N/a,N/a,N/a,N/a,N/a,N/a,N/a,N/a,N/a,20,3,15.0,0.74,0.11,0.10,0.67,87,79.2,87,25,0,N/a,1,1.29,28,37,-9,-0.33,-0.33,0,28,22,3,74,31,42,N/a,N/a,1
Noussair Mazraoui,MAR,"DF,MF",Manchester Utd,28-162,17,9,777,8.6,0,0,0,0,0,0,3,0,0.00,0.00,0.00,0.00,0.00,N/a,N/a,N/a,N/a,N/a,N/a,N/a,N/a,N/a,N/a,N/a,N/a,N/a,N/a,N/a,5,0,0.0,0.58,0.00,0.00,N/a,46,26.2,70,2,8,19,4,1.94,16,9,+7,+0.81,+0.56,0,12,13,0,12,8,11,N/a,N/a,0
Ola Aina,NGA,DF,Nottingham Forest,29-199,18,18,"1,588",17.6,0,0,0,0,0,0,3,0,0.00,0.00,0.00,0.00,0.00,N/a,N/a,N/a,N/a,N/a,N/a,N/a,N/a,N/a,N/a,N/a,N/a,N/a,N/a,N/a,12,1,8.3,0.68,0.06,0.00,0.00,88,51.9,88,15,0,N/a,0,1.39,27,19,+8,+0.45,+1.19,0,13,15,0,39,26,21,N/a,N/a,0
Oleksandr Zinchenko,UKR,DF,Nottingham Forest,29-131,5,4,353,3.9,0,0,0,0,0,0,0,0,0.00,0.00,0.00,0.00,0.00,N/a,N/a,N/a,N/a,N/a,N/a,N/a,N/a,N/a,N/a,N/a,N/a,N/a,N/a,N/a,4,2,50.0,1.02,0.51,0.00,0.00,71,11.5,86,3,1,10,3,0.20,1,6,-5,-1.27,-1.31,0,1,2,1,18,2,6,N/a,N/a,0
Oliver Scarles,ENG,"DF,MF",West Ham United,20-134,12,9,656,7.3,0,0,0,0,0,0,1,0,0.00,0.00,0.00,0.00,0.00,N/a,N/a,N/a,N/a,N/a,N/a,N/a,N/a,N/a,N/a,N/a,N/a,N/a,N/a,N/a,3,0,0.0,0.41,0.00,0.00,N/a,55,22.1,69,4,3,11,13,0.92,8,16,-8,-1.10,-0.75,0,6,7,1,35,13,18,N/a,N/a,0
Oliver Sonne,PER,DF,Burnley,25-166,7,1,169,1.9,1,0,1,1,0,0,0,0,0.53,0.00,0.53,0.53,0.53,N/a,N/a,N/a,N/a,N/a,N/a,N/a,N/a,N/a,N/a,N/a,N/a,N/a,N/a,N/a,3,1,33.3,1.60,0.53,0.33,1.00,24,5.5,73,0,6,16,3,0.71,3,4,-1,-0.53,+0.49,0,4,0,0,5,1,1,N/a,N/a,0
Olivier Boscagli,FRA,DF,Brighton,28-158,11,8,712,7.9,0,1,1,0,0,0,2,0,0.00,0.13,0.13,0.00,0.13,N/a,N/a,N/a,N/a,N/a,N/a,N/a,N/a,N/a,N/a,N/a,N/a,N/a,N/a,N/a,1,0,0.0,0.13,0.00,0.00,N/a,65,23.3,84,6,3,13,23,1.18,10,7,+3,+0.38,+0.15,0,7,8,0,13,15,9,N/a,N/a,0
Ollie Watkins,ENG,FW,Aston Villa,30-116,32,29,"2,458",27.3,11,2,13,11,0,0,3,0,0.40,0.07,0.48,0.40,0.48,N/a,N/a,N/a,N/a,N/a,N/a,N/a,N/a,N/a,N/a,N/a,N/a,N/a,N/a,N/a,67,29,43.3,2.45,1.06,0.16,0.38,77,82.8,81,10,3,33,0,1.81,39,32,+7,+0.26,+0.43,0,31,29,19,6,5,13,N/a,N/a,0
Omar Alderete,PAR,DF,Sunderland,29-120,30,29,"2,596",28.8,1,1,2,1,0,0,6,0,0.03,0.03,0.07,0.03,0.07,N/a,N/a,N/a,N/a,N/a,N/a,N/a,N/a,N/a,N/a,N/a,N/a,N/a,N/a,N/a,23,9,39.1,0.80,0.31,0.04,0.11,87,84.8,88,25,1,38,1,1.37,29,39,-10,-0.35,-0.54,0,30,9,5,11,32,16,N/a,N/a,0
Omar Marmoush,EGY,"FW,MF",Manchester City,27-077,17,7,572,6.4,1,3,4,1,0,0,2,0,0.16,0.47,0.63,0.16,0.63,N/a,N/a,N/a,N/a,N/a,N/a,N/a,N/a,N/a,N/a,N/a,N/a,N/a,N/a,N/a,24,7,29.2,3.78,1.10,0.04,0.14,34,19.3,63,0,10,13,6,2.06,9,5,+4,+0.63,-0.61,0,10,18,6,12,2,7,N/a,N/a,0
Omari Hutchinson,ENG,MF,Nottingham Forest,22-177,27,15,"1,504",16.7,1,4,5,1,0,0,1,0,0.06,0.24,0.30,0.06,0.30,N/a,N/a,N/a,N/a,N/a,N/a,N/a,N/a,N/a,N/a,N/a,N/a,N/a,N/a,N/a,24,11,45.8,1.44,0.66,0.04,0.09,56,49.2,79,8,12,27,5,1.19,22,19,+3,+0.18,+0.58,0,20,23,6,124,9,8,N/a,N/a,0
Oscar Bobb,NOR,"MF,FW",Manchester City,22-287,9,5,468,5.2,0,1,1,0,0,0,1,0,0.00,0.19,0.19,0.00,0.19,N/a,N/a,N/a,N/a,N/a,N/a,N/a,N/a,N/a,N/a,N/a,N/a,N/a,N/a,N/a,4,0,0.0,0.77,0.00,0.00,0.00,52,15.8,78,2,4,20,4,1.67,10,5,+5,+0.96,-0.19,0,5,9,0,5,3,5,N/a,N/a,0
Pablo,BRA,"MF,FW",West Ham United,22-113,9,7,556,6.2,0,1,1,0,0,0,0,0,0.00,0.16,0.16,0.00,0.16,N/a,N/a,N/a,N/a,N/a,N/a,N/a,N/a,N/a,N/a,N/a,N/a,N/a,N/a,N/a,8,1,12.5,1.29,0.16,0.00,0.00,62,18.7,74,1,2,20,1,1.56,10,7,+3,+0.49,+1.23,0,16,5,0,2,5,9,N/a,N/a,0
Pape Matar Sarr,SEN,MF,Tottenham Hotspur,23-223,23,13,"1,356",15.1,2,3,5,2,0,0,2,0,0.13,0.20,0.33,0.13,0.33,N/a,N/a,N/a,N/a,N/a,N/a,N/a,N/a,N/a,N/a,N/a,N/a,N/a,N/a,N/a,16,6,37.5,1.06,0.40,0.13,0.33,59,45.7,89,11,10,21,2,1.00,20,22,-2,-0.13,+0.37,0,26,13,3,7,13,21,N/a,N/a,0
Pascal Groß,GER,MF,Brighton,34-314,15,14,"1,276",14.2,1,3,4,1,0,0,2,0,0.07,0.21,0.28,0.07,0.28,N/a,N/a,N/a,N/a,N/a,N/a,N/a,N/a,N/a,N/a,N/a,N/a,N/a,N/a,N/a,12,5,41.7,0.85,0.35,0.08,0.20,85,41.7,90,12,1,20,0,1.67,18,10,+8,+0.56,+0.51,0,15,12,4,93,9,16,N/a,N/a,0
Pascal Struijk,NED,DF,Leeds United,26-257,31,30,"2,701",30.0,0,1,1,0,0,0,4,0,0.00,0.03,0.03,0.00,0.03,N/a,N/a,N/a,N/a,N/a,N/a,N/a,N/a,N/a,N/a,N/a,N/a,N/a,N/a,N/a,29,5,17.2,0.97,0.17,0.00,0.00,87,88.3,90,29,1,9,2,1.16,39,43,-4,-0.13,+0.62,0,22,20,5,2,29,22,N/a,N/a,0
Patrick Dorgu,DEN,MF,Manchester Utd,21-181,22,14,"1,335",14.8,3,3,6,3,0,0,5,0,0.20,0.20,0.40,0.20,0.40,N/a,N/a,N/a,N/a,N/a,N/a,N/a,N/a,N/a,N/a,N/a,N/a,N/a,N/a,N/a,20,7,35.0,1.35,0.47,0.15,0.43,61,44.9,86,10,8,17,1,1.59,18,20,-2,-0.13,-0.96,0,19,42,7,54,14,30,N/a,N/a,0
Pau Torres,ESP,DF,Aston Villa,29-099,18,16,"1,478",16.4,0,0,0,0,0,0,0,0,0.00,0.00,0.00,0.00,0.00,N/a,N/a,N/a,N/a,N/a,N/a,N/a,N/a,N/a,N/a,N/a,N/a,N/a,N/a,N/a,7,0,0.0,0.43,0.00,0.00,N/a,82,49.8,88,13,2,38,9,1.89,24,16,+8,+0.49,+0.61,0,5,5,0,4,11,12,N/a,N/a,1
Pedro Neto,POR,MF,Chelsea,26-047,32,28,"2,479",27.5,5,4,9,5,0,0,4,1,0.18,0.15,0.33,0.18,0.33,N/a,N/a,N/a,N/a,N/a,N/a,N/a,N/a,N/a,N/a,N/a,N/a,N/a,N/a,N/a,44,12,27.3,1.60,0.44,0.11,0.42,77,81.0,82,16,4,46,0,1.41,42,30,+12,+0.44,+1.06,1,16,23,6,178,6,10,N/a,N/a,0
Pedro Porro,ESP,DF,Tottenham Hotspur,26-224,29,27,"2,346",26.1,1,2,3,1,0,0,7,0,0.04,0.08,0.12,0.04,0.12,N/a,N/a,N/a,N/a,N/a,N/a,N/a,N/a,N/a,N/a,N/a,N/a,N/a,N/a,N/a,25,7,28.0,0.96,0.27,0.04,0.14,81,79.0,85,21,2,21,0,1.03,34,36,-2,-0.08,+1.22,0,27,23,1,197,24,35,N/a,N/a,0
Phil Foden,ENG,MF,Manchester City,25-332,28,21,"1,832",20.4,7,3,10,7,0,0,4,0,0.34,0.15,0.49,0.34,0.49,N/a,N/a,N/a,N/a,N/a,N/a,N/a,N/a,N/a,N/a,N/a,N/a,N/a,N/a,N/a,51,17,33.3,2.51,0.84,0.14,0.41,65,61.7,83,12,7,13,3,2.07,45,16,+29,+1.42,+0.79,0,17,27,2,105,9,13,N/a,N/a,0
Piero Hincapié,ECU,DF,Arsenal,24-106,22,18,"1,593",17.7,1,2,3,1,0,0,2,0,0.06,0.11,0.17,0.06,0.17,N/a,N/a,N/a,N/a,N/a,N/a,N/a,N/a,N/a,N/a,N/a,N/a,N/a,N/a,N/a,2,1,50.0,0.11,0.06,0.50,1.00,72,53.6,85,13,4,17,3,2.23,38,18,+20,+1.13,+0.02,0,16,12,0,30,20,23,N/a,N/a,1
Quilindschy Hartman,NED,DF,Burnley,24-162,20,20,"1,761",19.6,0,5,5,0,0,0,1,0,0.00,0.26,0.26,0.00,0.26,N/a,N/a,N/a,N/a,N/a,N/a,N/a,N/a,N/a,N/a,N/a,N/a,N/a,N/a,N/a,9,3,33.3,0.46,0.15,0.00,0.00,88,57.5,88,16,0,N/a,7,0.55,18,37,-19,-0.97,+0.07,0,12,3,1,74,29,31,N/a,N/a,0
Radu Drăgușin,ROU,DF,Tottenham Hotspur,24-081,8,5,515,5.7,0,0,0,0,0,0,0,0,0.00,0.00,0.00,0.00,0.00,N/a,N/a,N/a,N/a,N/a,N/a,N/a,N/a,N/a,N/a,N/a,N/a,N/a,N/a,N/a,4,0,0.0,0.70,0.00,0.00,N/a,64,17.3,90,4,3,22,8,0.75,6,13,-7,-1.22,-1.08,0,9,1,0,3,15,3,N/a,N/a,0
Randal Kolo Muani,FRA,"FW,MF",Tottenham Hotspur,27-141,25,17,"1,377",15.3,1,1,2,1,0,0,2,0,0.07,0.07,0.13,0.07,0.13,N/a,N/a,N/a,N/a,N/a,N/a,N/a,N/a,N/a,N/a,N/a,N/a,N/a,N/a,N/a,16,3,18.8,1.05,0.20,0.06,0.33,55,46.4,69,3,8,26,2,0.64,14,28,-14,-0.92,-1.08,0,36,13,1,9,2,15,N/a,N/a,0
Rayan,BRA,MF,Bournemouth,19-265,11,9,793,8.8,3,2,5,3,0,0,1,0,0.34,0.23,0.57,0.34,0.57,N/a,N/a,N/a,N/a,N/a,N/a,N/a,N/a,N/a,N/a,N/a,N/a,N/a,N/a,N/a,18,6,33.3,2.04,0.68,0.17,0.50,72,25.9,83,2,2,24,0,1.73,10,9,+1,+0.11,+0.15,0,6,5,0,21,4,4,N/a,N/a,0
Rayan Aït-Nouri,ALG,DF,Manchester City,24-323,15,11,870,9.7,0,2,2,0,0,0,2,0,0.00,0.21,0.21,0.00,0.21,N/a,N/a,N/a,N/a,N/a,N/a,N/a,N/a,N/a,N/a,N/a,N/a,N/a,N/a,N/a,9,2,22.2,0.93,0.21,0.00,0.00,58,29.3,75,6,4,10,7,2.00,20,9,+11,+1.14,+0.02,0,13,9,0,19,13,20,N/a,N/a,0
Rayan Cherki,FRA,MF,Manchester City,22-251,28,17,"1,557",17.3,4,10,14,4,0,0,1,0,0.23,0.58,0.81,0.23,0.81,N/a,N/a,N/a,N/a,N/a,N/a,N/a,N/a,N/a,N/a,N/a,N/a,N/a,N/a,N/a,46,12,26.1,2.66,0.69,0.09,0.33,56,52.4,77,4,11,22,1,2.14,34,15,+19,+1.10,-0.05,0,16,31,1,70,7,15,N/a,N/a,0
Raúl Jiménez,MEX,FW,Fulham,34-355,32,25,"2,009",22.3,9,3,12,5,4,4,5,0,0.40,0.13,0.54,0.22,0.36,N/a,N/a,N/a,N/a,N/a,N/a,N/a,N/a,N/a,N/a,N/a,N/a,N/a,N/a,N/a,66,17,25.8,2.96,0.76,0.08,0.29,63,67.6,76,10,7,16,0,1.41,32,26,+6,+0.27,+1.11,0,41,30,19,5,7,17,N/a,N/a,0
Reece James,ENG,"DF,MF",Chelsea,26-138,27,20,"1,896",21.1,2,4,6,2,0,0,4,0,0.09,0.19,0.28,0.09,0.28,N/a,N/a,N/a,N/a,N/a,N/a,N/a,N/a,N/a,N/a,N/a,N/a,N/a,N/a,N/a,21,6,28.6,1.00,0.28,0.10,0.33,70,62.0,86,15,7,25,1,1.63,32,20,+12,+0.57,+0.88,0,26,20,1,123,31,32,N/a,N/a,0
Reinildo Mandava,MOZ,DF,Sunderland,32-094,21,19,"1,625",18.1,0,1,1,0,0,0,7,1,0.00,0.06,0.06,0.00,0.06,N/a,N/a,N/a,N/a,N/a,N/a,N/a,N/a,N/a,N/a,N/a,N/a,N/a,N/a,N/a,4,0,0.0,0.22,0.00,0.00,N/a,77,53.1,83,16,2,23,0,1.52,22,23,-1,-0.06,+0.45,0,29,33,1,20,27,18,N/a,N/a,0
Reiss Nelson,ENG,"FW,MF",Brentford,26-136,8,0,106,1.2,0,0,0,0,0,0,0,0,0.00,0.00,0.00,0.00,0.00,N/a,N/a,N/a,N/a,N/a,N/a,N/a,N/a,N/a,N/a,N/a,N/a,N/a,N/a,N/a,5,1,20.0,4.25,0.85,0.00,0.00,13,3.6,N/a,0,8,13,11,1.88,6,2,+4,+3.40,+3.40,0,0,2,0,1,0,2,N/a,N/a,0
Riccardo Calafiori,ITA,DF,Arsenal,23-341,22,18,"1,448",16.1,1,2,3,1,0,0,5,0,0.06,0.12,0.19,0.06,0.19,N/a,N/a,N/a,N/a,N/a,N/a,N/a,N/a,N/a,N/a,N/a,N/a,N/a,N/a,N/a,28,6,21.4,1.74,0.37,0.04,0.17,66,48.8,77,6,4,14,2,2.27,27,8,+19,+1.18,+0.12,0,25,9,2,21,13,18,N/a,N/a,0
Richarlison,BRA,"FW,MF",Tottenham Hotspur,28-350,27,16,"1,572",17.5,9,3,12,9,0,0,5,0,0.52,0.17,0.69,0.52,0.69,N/a,N/a,N/a,N/a,N/a,N/a,N/a,N/a,N/a,N/a,N/a,N/a,N/a,N/a,N/a,48,22,45.8,2.75,1.26,0.19,0.41,58,52.9,83,10,11,23,1,1.04,23,24,-1,-0.06,+0.59,0,18,29,8,16,6,14,N/a,N/a,0
Rico Henry,JAM,DF,Brentford,28-291,25,14,"1,328",14.8,0,1,1,0,0,0,2,0,0.00,0.07,0.07,0.00,0.07,N/a,N/a,N/a,N/a,N/a,N/a,N/a,N/a,N/a,N/a,N/a,N/a,N/a,N/a,N/a,5,0,0.0,0.34,0.00,0.00,N/a,53,44.7,80,6,11,19,4,1.64,28,22,+6,+0.41,+0.52,0,15,17,2,26,7,11,N/a,N/a,0
Rico Lewis,ENG,DF,Manchester City,21-155,10,3,317,3.5,0,1,1,0,0,0,1,0,0.00,0.28,0.28,0.00,0.28,N/a,N/a,N/a,N/a,N/a,N/a,N/a,N/a,N/a,N/a,N/a,N/a,N/a,N/a,N/a,2,0,0.0,0.57,0.00,0.00,N/a,32,10.7,82,2,7,10,16,1.90,6,5,+1,+0.28,-0.94,0,4,7,0,2,7,4,N/a,N/a,0
Rio Ngumoha,ENG,MF,Liverpool,17-239,15,2,316,3.5,2,0,2,2,0,0,0,0,0.57,0.00,0.57,0.57,0.57,N/a,N/a,N/a,N/a,N/a,N/a,N/a,N/a,N/a,N/a,N/a,N/a,N/a,N/a,N/a,10,6,60.0,2.85,1.71,0.20,0.33,21,10.6,66,0,13,14,17,1.40,12,4,+8,+2.28,+2.18,0,3,6,0,15,1,1,N/a,N/a,0
Robert Sánchez,ESP,GK,Chelsea,28-158,32,32,"2,794",31.0,0,1,1,0,0,0,3,1,0.00,0.03,0.03,0.00,0.03,43,1.39,132,89,68.2,12,8,12,9,28.1,1,1,0,0,0.0,0,0,N/a,0.00,0.00,N/a,N/a,87,91.3,87,31,0,N/a,1,1.38,47,41,+6,+0.19,-0.48,0,2,11,0,0,1,0,N/a,N/a,0
Robin Roefs,NED,GK,Sunderland,23-098,31,31,"2,790",31.0,0,0,0,0,0,0,3,0,0.00,0.00,0.00,0.00,0.00,43,1.39,136,96,69.9,10,10,11,9,29.0,3,2,1,0,33.3,0,0,N/a,0.00,0.00,N/a,N/a,90,91.2,90,31,0,N/a,0,1.29,33,43,-10,-0.32,-0.66,0,0,11,0,0,0,0,N/a,N/a,0
Rodri,ESP,MF,Manchester City,29-307,20,16,"1,421",15.8,1,0,1,1,0,0,2,0,0.06,0.00,0.06,0.06,0.06,N/a,N/a,N/a,N/a,N/a,N/a,N/a,N/a,N/a,N/a,N/a,N/a,N/a,N/a,N/a,12,2,16.7,0.76,0.13,0.08,0.50,71,47.8,83,11,4,22,1,1.85,27,14,+13,+0.82,-0.57,0,13,27,0,4,11,23,N/a,N/a,0
Rodrigo Bentancur,URU,MF,Tottenham Hotspur,28-304,21,18,"1,476",16.4,1,1,2,1,0,0,5,0,0.06,0.06,0.12,0.06,0.12,N/a,N/a,N/a,N/a,N/a,N/a,N/a,N/a,N/a,N/a,N/a,N/a,N/a,N/a,N/a,10,2,20.0,0.61,0.12,0.10,0.50,70,49.7,79,9,3,21,1,1.19,22,22,0,0.00,+0.66,0,15,3,1,7,26,25,N/a,N/a,0
Rodrigo Gomes,POR,"MF,FW",Wolves,22-292,17,6,656,7.3,3,0,3,3,0,0,0,0,0.41,0.00,0.41,0.41,0.41,N/a,N/a,N/a,N/a,N/a,N/a,N/a,N/a,N/a,N/a,N/a,N/a,N/a,N/a,N/a,15,6,40.0,2.06,0.82,0.20,0.50,39,22.1,69,1,11,22,4,0.59,9,15,-6,-0.82,+0.38,0,4,8,3,21,8,14,N/a,N/a,0
Rodrigo Muniz,BRA,FW,Fulham,24-356,16,7,730,8.1,1,1,2,1,0,0,1,0,0.12,0.12,0.25,0.12,0.25,N/a,N/a,N/a,N/a,N/a,N/a,N/a,N/a,N/a,N/a,N/a,N/a,N/a,N/a,N/a,24,4,16.7,2.96,0.49,0.04,0.25,46,24.6,74,0,9,24,0,1.38,8,10,-2,-0.25,-0.21,0,12,11,4,2,2,1,N/a,N/a,1
Romaine Mundle,ENG,MF,Sunderland,23-001,14,2,411,4.6,0,0,0,0,0,0,1,0,0.00,0.00,0.00,0.00,0.00,N/a,N/a,N/a,N/a,N/a,N/a,N/a,N/a,N/a,N/a,N/a,N/a,N/a,N/a,N/a,7,2,28.6,1.53,0.44,0.00,0.00,29,13.4,66,0,12,23,1,1.14,5,11,-6,-1.31,-1.21,0,7,8,0,11,1,4,N/a,N/a,0
Roméo Lavia,BEL,MF,Chelsea,22-109,11,3,325,3.6,0,0,0,0,0,0,0,0,0.00,0.00,0.00,0.00,0.00,N/a,N/a,N/a,N/a,N/a,N/a,N/a,N/a,N/a,N/a,N/a,N/a,N/a,N/a,N/a,2,0,0.0,0.55,0.00,0.00,N/a,30,10.6,58,0,8,19,2,1.09,1,7,-6,-1.66,-2.12,0,7,7,0,1,5,4,N/a,N/a,0
Ross Barkley,ENG,MF,Aston Villa,32-141,16,4,547,6.1,2,0,2,2,0,0,0,0,0.33,0.00,0.33,0.33,0.33,N/a,N/a,N/a,N/a,N/a,N/a,N/a,N/a,N/a,N/a,N/a,N/a,N/a,N/a,N/a,13,6,46.2,2.14,0.99,0.15,0.33,34,18.4,73,0,12,21,1,1.88,11,8,+3,+0.49,+0.38,0,3,6,0,0,2,9,N/a,N/a,0
Ryan Christie,SCO,MF,Bournemouth,31-062,24,8,932,10.4,2,0,2,2,0,0,3,0,0.19,0.00,0.19,0.19,0.19,N/a,N/a,N/a,N/a,N/a,N/a,N/a,N/a,N/a,N/a,N/a,N/a,N/a,N/a,N/a,25,8,32.0,2.41,0.77,0.08,0.25,39,30.5,69,0,16,24,1,1.67,15,14,+1,+0.10,+0.14,0,15,20,1,16,11,17,N/a,N/a,0
Ryan Gravenberch,NED,MF,Liverpool,23-344,31,30,"2,653",29.5,4,3,7,4,0,0,5,0,0.14,0.10,0.24,0.14,0.24,N/a,N/a,N/a,N/a,N/a,N/a,N/a,N/a,N/a,N/a,N/a,N/a,N/a,N/a,N/a,32,9,28.1,1.09,0.31,0.13,0.44,86,89.3,87,26,1,45,0,1.68,44,35,+9,+0.31,-0.26,0,33,37,0,6,39,31,N/a,N/a,0
Ryan Sessegnon,ENG,"DF,MF",Fulham,25-342,26,19,"1,743",19.4,2,1,3,2,0,0,0,0,0.10,0.05,0.15,0.10,0.15,N/a,N/a,N/a,N/a,N/a,N/a,N/a,N/a,N/a,N/a,N/a,N/a,N/a,N/a,N/a,15,3,20.0,0.77,0.15,0.13,0.67,67,58.7,85,14,7,19,0,1.27,31,29,+2,+0.10,+0.47,0,32,3,3,50,21,26,N/a,N/a,0
Ryan Yates,ENG,MF,Nottingham Forest,28-155,19,1,456,5.1,0,2,2,0,0,0,2,0,0.00,0.39,0.39,0.00,0.39,N/a,N/a,N/a,N/a,N/a,N/a,N/a,N/a,N/a,N/a,N/a,N/a,N/a,N/a,N/a,5,1,20.0,0.99,0.20,0.00,0.00,24,14.9,63,0,18,22,9,1.42,10,5,+5,+0.99,+1.30,0,10,10,0,4,6,9,N/a,N/a,0
Rúben Dias,POR,DF,Manchester City,28-346,25,23,"2,051",22.8,2,0,2,2,0,0,3,0,0.09,0.00,0.09,0.09,0.09,N/a,N/a,N/a,N/a,N/a,N/a,N/a,N/a,N/a,N/a,N/a,N/a,N/a,N/a,N/a,10,4,40.0,0.44,0.18,0.20,0.50,82,69.1,88,21,2,18,1,2.20,53,20,+33,+1.45,+1.06,0,14,9,0,9,22,6,N/a,N/a,0
Sam Johnstone,ENG,GK,Wolves,33-031,12,12,"1,080",12.0,0,0,0,0,0,0,0,0,0.00,0.00,0.00,0.00,0.00,24,2.00,62,39,62.9,0,2,10,0,0.0,1,1,0,0,0.0,0,0,N/a,0.00,0.00,N/a,N/a,90,36.4,90,12,0,N/a,18,0.17,6,24,-18,-1.50,-0.60,0,0,0,0,0,0,1,N/a,N/a,1
Samuel Chukwueze,NGA,MF,Fulham,26-338,19,7,868,9.6,3,4,7,3,0,0,0,0,0.31,0.41,0.73,0.31,0.73,N/a,N/a,N/a,N/a,N/a,N/a,N/a,N/a,N/a,N/a,N/a,N/a,N/a,N/a,N/a,23,6,26.1,2.38,0.62,0.13,0.50,46,29.2,78,2,12,27,1,1.21,17,17,0,0.00,+0.13,0,5,10,3,32,5,4,N/a,N/a,0
Sander Berge,NOR,MF,Fulham,28-070,32,31,"2,680",29.8,0,1,1,0,0,0,5,0,0.00,0.03,0.03,0.00,0.03,N/a,N/a,N/a,N/a,N/a,N/a,N/a,N/a,N/a,N/a,N/a,N/a,N/a,N/a,N/a,10,3,30.0,0.34,0.10,0.00,0.00,84,90.2,86,23,1,17,1,1.38,39,44,-5,-0.17,-0.79,0,31,13,0,12,23,40,N/a,N/a,1
Sandro Tonali,ITA,MF,Newcastle United,25-352,31,27,"2,212",24.6,0,2,2,0,0,0,3,0,0.00,0.08,0.08,0.00,0.08,N/a,N/a,N/a,N/a,N/a,N/a,N/a,N/a,N/a,N/a,N/a,N/a,N/a,N/a,N/a,30,7,23.3,1.22,0.28,0.00,0.00,71,74.5,80,13,4,12,0,1.26,26,34,-8,-0.33,-0.92,0,22,39,1,89,25,21,N/a,N/a,0
Santiago Bueno,URU,DF,Wolves,27-167,24,23,"2,103",23.4,2,1,3,2,0,0,4,0,0.09,0.04,0.13,0.09,0.13,N/a,N/a,N/a,N/a,N/a,N/a,N/a,N/a,N/a,N/a,N/a,N/a,N/a,N/a,N/a,6,5,83.3,0.26,0.21,0.33,0.40,88,70.8,90,22,1,35,8,0.67,20,40,-20,-0.86,+0.91,0,22,9,1,5,22,27,N/a,N/a,0
Saša Lukić,SRB,MF,Fulham,29-255,22,16,"1,374",15.3,1,2,3,1,0,0,7,0,0.07,0.13,0.20,0.07,0.20,N/a,N/a,N/a,N/a,N/a,N/a,N/a,N/a,N/a,N/a,N/a,N/a,N/a,N/a,N/a,14,3,21.4,0.92,0.20,0.07,0.33,62,46.3,77,8,6,24,3,1.23,14,17,-3,-0.20,-0.20,0,43,21,1,53,11,23,N/a,N/a,0
Sean Longstaff,ENG,MF,Leeds United,28-177,20,10,960,10.7,2,2,4,2,0,0,2,0,0.19,0.19,0.37,0.19,0.37,N/a,N/a,N/a,N/a,N/a,N/a,N/a,N/a,N/a,N/a,N/a,N/a,N/a,N/a,N/a,14,3,21.4,1.31,0.28,0.14,0.67,48,31.4,84,7,10,12,6,1.20,11,20,-9,-0.84,-0.93,0,11,17,1,51,10,23,N/a,N/a,0
Sebastiaan Bornauw,BEL,DF,Leeds United,27-034,9,4,304,3.4,0,0,0,0,0,0,1,0,0.00,0.00,0.00,0.00,0.00,N/a,N/a,N/a,N/a,N/a,N/a,N/a,N/a,N/a,N/a,N/a,N/a,N/a,N/a,N/a,0,0,N/a,0.00,0.00,N/a,N/a,34,9.9,75,0,5,1,17,1.56,3,4,-1,-0.30,-0.10,0,5,0,0,1,5,2,N/a,N/a,0
Senne Lammens,BEL,GK,Manchester Utd,23-292,27,27,"2,430",27.0,0,0,0,0,0,0,0,0,0.00,0.00,0.00,0.00,0.00,34,1.26,93,63,67.7,14,9,4,6,22.2,4,4,0,0,0.0,0,0,N/a,0.00,0.00,N/a,N/a,90,81.8,90,27,0,N/a,3,1.89,51,34,+17,+0.63,+1.30,0,0,3,0,0,0,1,N/a,N/a,0
Sepp van den Berg,NED,DF,Brentford,24-126,28,27,"2,484",27.6,0,1,1,0,0,0,1,0,0.00,0.04,0.04,0.00,0.04,N/a,N/a,N/a,N/a,N/a,N/a,N/a,N/a,N/a,N/a,N/a,N/a,N/a,N/a,N/a,20,6,30.0,0.72,0.22,0.00,0.00,89,83.6,90,27,1,54,4,1.36,37,38,-1,-0.04,-0.96,0,13,10,0,0,24,6,N/a,N/a,0
Simon Adingra,CIV,"MF,FW",Sunderland,24-114,14,9,653,7.3,1,0,1,1,0,0,2,0,0.14,0.00,0.14,0.14,0.14,N/a,N/a,N/a,N/a,N/a,N/a,N/a,N/a,N/a,N/a,N/a,N/a,N/a,N/a,N/a,6,2,33.3,0.83,0.28,0.17,0.50,47,21.3,64,0,5,16,8,1.07,6,8,-2,-0.28,-0.01,0,18,3,4,27,2,8,N/a,N/a,0
Soungoutou Magassa,FRA,MF,West Ham United,22-199,21,11,978,10.9,1,0,1,1,0,0,4,0,0.09,0.00,0.09,0.09,0.09,N/a,N/a,N/a,N/a,N/a,N/a,N/a,N/a,N/a,N/a,N/a,N/a,N/a,N/a,N/a,7,2,28.6,0.64,0.18,0.14,0.50,47,32.9,74,2,10,17,8,0.76,11,23,-12,-1.10,-0.88,0,17,17,0,9,17,23,N/a,N/a,0
Souza,BRA,MF,Tottenham Hotspur,19-313,4,2,144,1.6,0,0,0,0,0,0,1,0,0.00,0.00,0.00,0.00,0.00,N/a,N/a,N/a,N/a,N/a,N/a,N/a,N/a,N/a,N/a,N/a,N/a,N/a,N/a,N/a,1,1,100.0,0.62,0.62,0.00,0.00,36,4.8,49,0,2,24,4,0.25,1,3,-2,-1.25,-0.96,0,3,2,0,3,2,0,N/a,N/a,0
Stefan Ortega,GER,GK,Nottingham Forest,33-170,3,3,270,3.0,0,0,0,0,0,0,0,0,0.00,0.00,0.00,0.00,0.00,4,1.33,12,8,66.7,0,1,2,1,33.3,0,0,0,0,N/a,0,0,N/a,0.00,0.00,N/a,N/a,90,8.8,90,3,0,N/a,4,0.33,1,4,-3,-1.00,-0.97,0,0,0,0,0,0,0,N/a,N/a,0
Stefanos Tzimas,GRE,FW,Brighton,20-109,9,1,139,1.5,1,1,2,1,0,0,0,0,0.65,0.65,1.29,0.65,1.29,N/a,N/a,N/a,N/a,N/a,N/a,N/a,N/a,N/a,N/a,N/a,N/a,N/a,N/a,N/a,4,1,25.0,2.59,0.65,0.25,1.00,15,4.5,23,0,8,15,2,1.56,7,2,+5,+3.24,+3.11,0,4,1,1,1,0,1,N/a,N/a,0
Sven Botman,NED,DF,Newcastle United,26-103,20,16,"1,385",15.4,1,1,2,1,0,0,2,0,0.06,0.06,0.13,0.06,0.13,N/a,N/a,N/a,N/a,N/a,N/a,N/a,N/a,N/a,N/a,N/a,N/a,N/a,N/a,N/a,12,4,33.3,0.78,0.26,0.08,0.25,69,46.6,83,12,4,15,5,1.35,18,21,-3,-0.19,-0.19,0,11,12,0,2,12,10,N/a,N/a,1
Sávio,BRA,MF,Manchester City,22-015,20,5,617,6.9,0,1,1,0,0,0,2,0,0.00,0.15,0.15,0.00,0.15,N/a,N/a,N/a,N/a,N/a,N/a,N/a,N/a,N/a,N/a,N/a,N/a,N/a,N/a,N/a,15,10,66.7,2.19,1.46,0.00,0.00,31,20.8,74,1,15,17,2,2.40,9,5,+4,+0.58,-0.68,0,8,10,4,32,5,4,N/a,N/a,0
Taiwo Awoniyi,NGA,FW,Nottingham Forest,28-256,13,1,282,3.1,2,1,3,2,0,0,1,0,0.64,0.32,0.96,0.64,0.96,N/a,N/a,N/a,N/a,N/a,N/a,N/a,N/a,N/a,N/a,N/a,N/a,N/a,N/a,N/a,10,5,50.0,3.19,1.60,0.20,0.40,22,9.2,45,0,12,20,8,1.15,5,2,+3,+0.96,+1.18,0,7,3,3,1,1,1,N/a,N/a,0
Tammy Abraham,ENG,FW,Aston Villa,28-205,10,1,217,2.4,2,0,2,2,0,0,0,0,0.83,0.00,0.83,0.83,0.83,N/a,N/a,N/a,N/a,N/a,N/a,N/a,N/a,N/a,N/a,N/a,N/a,N/a,N/a,N/a,8,3,37.5,3.32,1.24,0.25,0.67,22,7.3,90,1,9,14,0,1.20,4,6,-2,-0.83,-1.09,0,1,0,0,0,0,1,N/a,N/a,0
Thierno Barry,FRA,FW,Everton,23-186,33,19,"1,675",18.6,6,0,6,6,0,0,3,0,0.32,0.00,0.32,0.32,0.32,N/a,N/a,N/a,N/a,N/a,N/a,N/a,N/a,N/a,N/a,N/a,N/a,N/a,N/a,N/a,32,10,31.3,1.72,0.54,0.19,0.60,51,56.4,75,2,14,18,0,1.42,20,26,-6,-0.32,-0.81,0,39,7,12,3,5,2,N/a,N/a,0
Tijjani Reijnders,NED,MF,Manchester City,27-270,26,17,"1,496",16.6,5,2,7,5,0,0,2,0,0.30,0.12,0.42,0.30,0.42,N/a,N/a,N/a,N/a,N/a,N/a,N/a,N/a,N/a,N/a,N/a,N/a,N/a,N/a,N/a,41,15,36.6,2.47,0.90,0.12,0.33,58,50.4,79,6,9,18,7,1.96,30,15,+15,+0.90,-0.44,0,18,15,4,37,11,4,N/a,N/a,0
Tim Iroegbunam,ENG,MF,Everton,22-299,24,13,"1,127",12.5,0,2,2,0,0,0,8,0,0.00,0.16,0.16,0.00,0.16,N/a,N/a,N/a,N/a,N/a,N/a,N/a,N/a,N/a,N/a,N/a,N/a,N/a,N/a,N/a,9,1,11.1,0.72,0.08,0.00,0.00,47,37.9,77,5,11,11,6,1.50,12,11,+1,+0.08,+0.08,0,22,19,0,3,19,37,N/a,N/a,0
Timothy Castagne,BEL,"DF,MF",Fulham,30-141,25,15,"1,403",15.6,0,0,0,0,0,0,3,0,0.00,0.00,0.00,0.00,0.00,N/a,N/a,N/a,N/a,N/a,N/a,N/a,N/a,N/a,N/a,N/a,N/a,N/a,N/a,N/a,10,5,50.0,0.64,0.32,0.00,0.00,56,47.2,85,12,10,12,8,1.16,21,27,-6,-0.38,-0.56,0,15,6,0,39,23,18,N/a,N/a,0
Tolu Arokodare,NGA,FW,Wolves,25-153,28,12,"1,264",14.0,3,1,4,3,0,1,1,0,0.21,0.07,0.28,0.21,0.28,N/a,N/a,N/a,N/a,N/a,N/a,N/a,N/a,N/a,N/a,N/a,N/a,N/a,N/a,N/a,38,13,34.2,2.71,0.93,0.08,0.23,45,42.6,81,7,16,18,2,0.61,15,26,-11,-0.78,+0.59,0,17,13,6,0,5,3,N/a,N/a,0
Tom Cairney,SCO,MF,Fulham,35-095,21,5,642,7.1,1,0,1,1,0,0,3,0,0.14,0.00,0.14,0.14,0.14,N/a,N/a,N/a,N/a,N/a,N/a,N/a,N/a,N/a,N/a,N/a,N/a,N/a,N/a,N/a,12,1,8.3,1.68,0.14,0.08,1.00,31,21.6,70,0,16,18,10,1.52,12,9,+3,+0.42,+0.65,0,8,9,0,6,2,3,N/a,N/a,0
Tomáš Souček,CZE,MF,West Ham United,31-057,30,19,"1,778",19.8,4,0,4,4,0,0,2,1,0.20,0.00,0.20,0.20,0.20,N/a,N/a,N/a,N/a,N/a,N/a,N/a,N/a,N/a,N/a,N/a,N/a,N/a,N/a,N/a,19,11,57.9,0.96,0.56,0.21,0.36,59,59.9,83,11,11,19,0,1.07,27,34,-7,-0.35,+0.40,0,30,17,5,12,16,17,N/a,N/a,0
Tosin Adarabioyo,ENG,DF,Chelsea,28-213,15,7,750,8.3,0,0,0,0,0,0,2,0,0.00,0.00,0.00,0.00,0.00,N/a,N/a,N/a,N/a,N/a,N/a,N/a,N/a,N/a,N/a,N/a,N/a,N/a,N/a,N/a,2,0,0.0,0.24,0.00,0.00,N/a,50,24.5,85,6,8,19,11,1.53,16,12,+4,+0.48,+0.32,0,5,0,1,0,9,6,N/a,N/a,0
Toti Gomes,POR,DF,Wolves,27-099,15,14,"1,129",12.5,0,0,0,0,0,0,2,1,0.00,0.00,0.00,0.00,0.00,N/a,N/a,N/a,N/a,N/a,N/a,N/a,N/a,N/a,N/a,N/a,N/a,N/a,N/a,N/a,4,1,25.0,0.32,0.08,0.00,0.00,75,38.0,81,9,1,1,6,0.27,6,28,-22,-1.75,-1.02,0,10,10,0,10,9,8,N/a,N/a,0
Trai Hume,NIR,"DF,MF",Sunderland,24-038,34,30,"2,708",30.1,1,1,2,1,0,0,9,0,0.03,0.03,0.07,0.03,0.07,N/a,N/a,N/a,N/a,N/a,N/a,N/a,N/a,N/a,N/a,N/a,N/a,N/a,N/a,N/a,30,6,20.0,1.00,0.20,0.03,0.17,80,88.5,87,24,4,22,0,1.35,30,39,-9,-0.30,-0.30,0,25,34,3,83,22,43,N/a,N/a,1
Trevoh Chalobah,ENG,DF,Chelsea,26-294,31,30,"2,650",29.4,3,0,3,3,0,0,3,1,0.10,0.00,0.10,0.10,0.10,N/a,N/a,N/a,N/a,N/a,N/a,N/a,N/a,N/a,N/a,N/a,N/a,N/a,N/a,N/a,15,5,33.3,0.51,0.17,0.20,0.60,85,86.6,88,28,1,10,0,1.45,51,34,+17,+0.58,+2.55,0,20,18,2,5,36,22,N/a,N/a,0
Tyler Adams,USA,MF,Bournemouth,27-070,21,18,"1,476",16.4,2,2,4,2,0,0,7,0,0.12,0.12,0.24,0.12,0.24,N/a,N/a,N/a,N/a,N/a,N/a,N/a,N/a,N/a,N/a,N/a,N/a,N/a,N/a,N/a,9,6,66.7,0.55,0.37,0.22,0.33,70,48.2,78,8,3,22,1,1.43,20,26,-6,-0.37,-0.71,0,29,12,1,2,26,20,N/a,N/a,0
Tyler Dibling,ENG,MF,Everton,20-044,14,4,358,4.0,0,0,0,0,0,0,2,0,0.00,0.00,0.00,0.00,0.00,N/a,N/a,N/a,N/a,N/a,N/a,N/a,N/a,N/a,N/a,N/a,N/a,N/a,N/a,N/a,4,0,0.0,1.01,0.00,0.00,N/a,26,12.1,67,1,10,9,17,1.14,4,2,+2,+0.50,+0.54,0,11,11,0,7,6,3,N/a,N/a,0
Tyrick Mitchell,ENG,MF,Crystal Palace,26-236,32,32,"2,846",31.6,1,2,3,1,0,0,5,0,0.03,0.06,0.09,0.03,0.09,N/a,N/a,N/a,N/a,N/a,N/a,N/a,N/a,N/a,N/a,N/a,N/a,N/a,N/a,N/a,14,5,35.7,0.44,0.16,0.07,0.20,89,98.8,89,28,0,N/a,0,1.34,33,36,-3,-0.09,-5.39,0,24,23,5,95,29,57,N/a,N/a,0
Tyrique George,ENG,FW,Chelsea,20-080,4,0,145,1.6,0,0,0,0,0,0,2,0,0.00,0.00,0.00,0.00,0.00,N/a,N/a,N/a,N/a,N/a,N/a,N/a,N/a,N/a,N/a,N/a,N/a,N/a,N/a,N/a,3,2,66.7,1.86,1.24,0.00,0.00,36,4.7,61,0,4,36,4,1.00,5,2,+3,+1.86,+1.71,0,6,1,2,1,0,2,N/a,N/a,0
Tyrone Mings,ENG,DF,Aston Villa,33-043,14,12,"1,054",11.7,0,0,0,0,0,0,0,0,0.00,0.00,0.00,0.00,0.00,N/a,N/a,N/a,N/a,N/a,N/a,N/a,N/a,N/a,N/a,N/a,N/a,N/a,N/a,N/a,8,1,12.5,0.68,0.09,0.00,0.00,75,35.5,85,11,2,17,5,1.21,11,18,-7,-0.60,-1.21,0,6,6,0,3,9,2,N/a,N/a,0
Valentino Livramento,ENG,DF,Newcastle United,23-164,17,14,"1,328",14.8,0,1,1,0,0,0,1,0,0.00,0.07,0.07,0.00,0.07,N/a,N/a,N/a,N/a,N/a,N/a,N/a,N/a,N/a,N/a,N/a,N/a,N/a,N/a,N/a,3,0,0.0,0.20,0.00,0.00,N/a,78,44.7,88,12,3,33,0,1.47,22,14,+8,+0.54,+1.15,0,7,16,2,36,2,14,N/a,N/a,0
Valentín Castellanos,ARG,FW,West Ham United,27-204,13,13,"1,024",11.4,4,0,4,4,0,0,3,0,0.35,0.00,0.35,0.35,0.35,N/a,N/a,N/a,N/a,N/a,N/a,N/a,N/a,N/a,N/a,N/a,N/a,N/a,N/a,N/a,30,13,43.3,2.64,1.14,0.13,0.31,79,34.5,79,3,0,N/a,0,1.46,17,13,+4,+0.35,+1.32,0,22,11,7,5,2,5,N/a,N/a,0
Veljko Milosavljević,SRB,DF,Bournemouth,18-301,7,4,368,4.1,0,0,0,0,0,0,0,0,0.00,0.00,0.00,0.00,0.00,N/a,N/a,N/a,N/a,N/a,N/a,N/a,N/a,N/a,N/a,N/a,N/a,N/a,N/a,N/a,1,0,0.0,0.24,0.00,0.00,N/a,53,12.0,90,4,3,3,15,1.86,5,6,-1,-0.24,-0.28,0,0,0,0,0,4,4,N/a,N/a,0
Victor Lindelöf,SWE,DF,Aston Villa,31-282,13,7,668,7.4,0,1,1,0,0,0,0,0,0.00,0.13,0.13,0.00,0.13,N/a,N/a,N/a,N/a,N/a,N/a,N/a,N/a,N/a,N/a,N/a,N/a,N/a,N/a,N/a,3,0,0.0,0.40,0.00,0.00,N/a,51,22.5,90,7,6,6,16,2.31,14,10,+4,+0.54,+0.46,0,1,0,0,0,4,2,N/a,N/a,0
Viktor Gyökeres,SWE,FW,Arsenal,27-325,31,24,"1,988",22.1,12,0,12,9,3,3,5,0,0.54,0.00,0.54,0.41,0.41,N/a,N/a,N/a,N/a,N/a,N/a,N/a,N/a,N/a,N/a,N/a,N/a,N/a,N/a,N/a,47,18,38.3,2.13,0.81,0.19,0.50,64,66.9,76,9,7,25,0,2.13,47,13,+34,+1.54,+1.26,0,30,25,3,7,1,5,N/a,N/a,0
Virgil van Dijk,NED,DF,Liverpool,34-291,33,33,"2,970",33.0,4,0,4,4,0,0,4,0,0.12,0.00,0.12,0.12,0.12,N/a,N/a,N/a,N/a,N/a,N/a,N/a,N/a,N/a,N/a,N/a,N/a,N/a,N/a,N/a,24,11,45.8,0.73,0.33,0.17,0.36,90,100.0,90,33,0,N/a,0,1.67,54,43,+11,+0.33,N/a,0,16,15,1,1,19,15,N/a,N/a,0
Vitaliy Mykolenko,UKR,DF,Everton,26-331,28,28,"2,508",27.9,0,1,1,0,0,0,5,0,0.00,0.04,0.04,0.00,0.04,N/a,N/a,N/a,N/a,N/a,N/a,N/a,N/a,N/a,N/a,N/a,N/a,N/a,N/a,N/a,9,2,22.2,0.32,0.07,0.00,0.00,90,84.4,90,25,0,N/a,1,1.50,37,36,+1,+0.04,+0.04,0,26,25,0,80,26,22,N/a,N/a,1
Vitaly Janelt,GER,MF,Brentford,27-350,22,13,"1,261",14.0,1,4,5,1,0,0,7,0,0.07,0.29,0.36,0.07,0.36,N/a,N/a,N/a,N/a,N/a,N/a,N/a,N/a,N/a,N/a,N/a,N/a,N/a,N/a,N/a,12,3,25.0,0.86,0.21,0.08,0.33,57,42.5,83,10,9,20,2,1.50,24,16,+8,+0.57,+0.78,0,17,12,0,53,26,16,N/a,N/a,0
Walter Benítez,ARG,GK,Crystal Palace,33-096,1,1,90,1.0,0,0,0,0,0,0,0,0,0.00,0.00,0.00,0.00,0.00,0,0.00,3,3,100.0,0,1,0,1,100.0,1,0,0,1,N/a,0,0,N/a,0.00,0.00,N/a,N/a,90,3.1,90,1,0,N/a,29,1.00,0,0,0,0.00,+0.03,0,0,0,0,0,0,0,N/a,N/a,0
Wataru Endo,JPN,DF,Liverpool,33-075,8,1,175,1.9,0,1,1,0,0,0,1,0,0.00,0.51,0.51,0.00,0.51,N/a,N/a,N/a,N/a,N/a,N/a,N/a,N/a,N/a,N/a,N/a,N/a,N/a,N/a,N/a,1,0,0.0,0.51,0.00,0.00,N/a,22,5.9,68,0,7,15,11,2.00,6,5,+1,+0.51,+0.19,0,2,3,0,3,0,3,N/a,N/a,0
Wesley Fofana,FRA,DF,Chelsea,25-129,22,17,"1,491",16.6,0,1,1,0,0,0,7,1,0.00,0.06,0.06,0.00,0.06,N/a,N/a,N/a,N/a,N/a,N/a,N/a,N/a,N/a,N/a,N/a,N/a,N/a,N/a,N/a,8,1,12.5,0.48,0.06,0.00,0.00,68,48.7,80,9,5,26,5,1.55,23,20,+3,+0.18,-0.11,1,20,14,1,2,30,11,N/a,N/a,0
Wilfried Gnonto,ITA,FW,Leeds United,22-171,19,4,455,5.1,0,1,1,0,0,0,3,0,0.00,0.20,0.20,0.00,0.20,N/a,N/a,N/a,N/a,N/a,N/a,N/a,N/a,N/a,N/a,N/a,N/a,N/a,N/a,N/a,9,0,0.0,1.78,0.00,0.00,N/a,24,14.9,59,0,15,15,8,1.11,9,12,-3,-0.59,-0.46,0,7,9,0,17,3,12,N/a,N/a,0
Will Hughes,ENG,MF,Crystal Palace,31-008,29,17,"1,422",15.8,0,0,0,0,0,0,7,0,0.00,0.00,0.00,0.00,0.00,N/a,N/a,N/a,N/a,N/a,N/a,N/a,N/a,N/a,N/a,N/a,N/a,N/a,N/a,N/a,17,0,0.0,1.08,0.00,0.00,N/a,49,49.4,73,7,12,16,3,1.34,10,14,-4,-0.25,-0.44,0,21,21,0,40,14,15,N/a,N/a,0
William Osula,DEN,FW,Newcastle United,22-264,19,3,468,5.2,4,0,4,4,0,0,0,0,0.77,0.00,0.77,0.77,0.77,N/a,N/a,N/a,N/a,N/a,N/a,N/a,N/a,N/a,N/a,N/a,N/a,N/a,N/a,N/a,12,7,58.3,2.31,1.35,0.33,0.57,25,15.8,88,2,16,13,2,0.95,6,10,-4,-0.77,-0.81,0,16,8,1,1,1,2,N/a,N/a,0
William Saliba,FRA,DF,Arsenal,25-032,27,26,"2,254",25.0,1,0,1,1,0,0,1,0,0.04,0.00,0.04,0.04,0.04,N/a,N/a,N/a,N/a,N/a,N/a,N/a,N/a,N/a,N/a,N/a,N/a,N/a,N/a,N/a,5,1,20.0,0.20,0.04,0.20,1.00,83,75.9,85,24,1,45,0,2.19,54,20,+34,+1.36,+0.98,0,18,15,1,9,14,20,N/a,N/a,0
Wilson Isidor,HAI,FW,Sunderland,25-241,29,11,"1,102",12.2,5,0,5,5,0,0,1,0,0.41,0.00,0.41,0.41,0.41,N/a,N/a,N/a,N/a,N/a,N/a,N/a,N/a,N/a,N/a,N/a,N/a,N/a,N/a,N/a,40,16,40.0,3.27,1.31,0.13,0.31,38,36.0,71,0,18,18,3,1.34,16,17,-1,-0.08,+0.29,0,14,5,10,0,1,6,N/a,N/a,0
Wilson Odobert,FRA,"MF,FW",Tottenham Hotspur,21-148,24,10,985,10.9,0,2,2,0,0,0,0,0,0.00,0.18,0.18,0.00,0.18,N/a,N/a,N/a,N/a,N/a,N/a,N/a,N/a,N/a,N/a,N/a,N/a,N/a,N/a,N/a,21,8,38.1,1.92,0.73,0.00,0.00,41,33.2,68,1,14,22,2,1.08,16,13,+3,+0.27,+0.91,0,2,10,2,28,0,8,N/a,N/a,0
Xavi Simons,NED,"MF,FW",Tottenham Hotspur,23-004,27,18,"1,693",18.8,2,5,7,2,0,0,5,1,0.11,0.27,0.37,0.11,0.37,N/a,N/a,N/a,N/a,N/a,N/a,N/a,N/a,N/a,N/a,N/a,N/a,N/a,N/a,N/a,40,10,25.0,2.13,0.53,0.05,0.20,63,57.0,79,10,9,30,0,0.74,26,33,-7,-0.37,-0.09,0,21,44,0,51,15,19,N/a,N/a,0
Yankuba Minteh,GAM,MF,Brighton,21-277,30,23,"2,077",23.1,2,4,6,2,0,0,3,0,0.09,0.17,0.26,0.09,0.26,N/a,N/a,N/a,N/a,N/a,N/a,N/a,N/a,N/a,N/a,N/a,N/a,N/a,N/a,N/a,38,10,26.3,1.65,0.43,0.05,0.20,69,67.9,82,9,7,27,2,1.33,35,29,+6,+0.26,-0.01,0,28,21,10,123,13,33,N/a,N/a,0
Yasin Ayari,SWE,MF,Brighton,22-201,27,20,"1,905",21.2,3,3,6,3,0,0,1,0,0.14,0.14,0.28,0.14,0.28,N/a,N/a,N/a,N/a,N/a,N/a,N/a,N/a,N/a,N/a,N/a,N/a,N/a,N/a,N/a,41,10,24.4,1.94,0.47,0.07,0.30,71,62.3,86,15,7,25,1,1.56,31,23,+8,+0.38,+0.30,0,23,28,0,23,25,25,N/a,N/a,0
Yehor Yarmoliuk,UKR,MF,Brentford,22-055,33,26,"2,313",25.7,1,2,3,1,0,0,7,0,0.04,0.08,0.12,0.04,0.12,N/a,N/a,N/a,N/a,N/a,N/a,N/a,N/a,N/a,N/a,N/a,N/a,N/a,N/a,N/a,15,4,26.7,0.58,0.16,0.07,0.25,70,77.9,82,13,7,26,0,1.45,36,36,0,0.00,-0.55,0,35,10,1,26,25,38,N/a,N/a,0
Yeremi Pino,ESP,"MF,FW",Crystal Palace,23-187,29,23,"1,854",20.6,2,1,3,2,0,0,4,0,0.10,0.05,0.15,0.10,0.15,N/a,N/a,N/a,N/a,N/a,N/a,N/a,N/a,N/a,N/a,N/a,N/a,N/a,N/a,N/a,40,11,27.5,1.94,0.53,0.05,0.18,64,64.4,76,4,6,18,1,1.31,17,21,-4,-0.19,-0.46,0,28,22,9,71,7,18,N/a,N/a,0
Yerson Mosquera,COL,DF,Wolves,24-358,23,20,"1,776",19.7,0,0,0,0,0,0,11,0,0.00,0.00,0.00,0.00,0.00,N/a,N/a,N/a,N/a,N/a,N/a,N/a,N/a,N/a,N/a,N/a,N/a,N/a,N/a,N/a,22,6,27.3,1.11,0.30,0.00,0.00,77,59.8,85,13,3,26,6,0.70,18,34,-16,-0.81,+0.77,0,25,36,1,17,17,32,N/a,N/a,2
Yoane Wissa,COD,FW,Newcastle United,29-234,14,4,432,4.8,1,0,1,1,0,0,1,0,0.21,0.00,0.21,0.21,0.21,N/a,N/a,N/a,N/a,N/a,N/a,N/a,N/a,N/a,N/a,N/a,N/a,N/a,N/a,N/a,11,5,45.5,2.29,1.04,0.09,0.20,31,14.5,70,0,10,15,4,1.00,8,9,-1,-0.21,-0.14,0,4,1,4,1,0,3,N/a,N/a,0
Youri Tielemans,BEL,MF,Aston Villa,28-353,20,17,"1,502",16.7,0,4,4,0,0,0,0,0,0.00,0.24,0.24,0.00,0.24,N/a,N/a,N/a,N/a,N/a,N/a,N/a,N/a,N/a,N/a,N/a,N/a,N/a,N/a,N/a,18,4,22.2,1.08,0.24,0.00,0.00,75,50.6,85,12,3,22,0,2.00,25,21,+4,+0.24,+0.12,0,22,30,1,33,12,30,N/a,N/a,0
Yves Bissouma,MLI,MF,Tottenham Hotspur,29-238,9,6,518,5.8,0,0,0,0,0,0,4,0,0.00,0.00,0.00,0.00,0.00,N/a,N/a,N/a,N/a,N/a,N/a,N/a,N/a,N/a,N/a,N/a,N/a,N/a,N/a,N/a,5,2,40.0,0.87,0.35,0.00,0.00,58,17.4,69,1,3,35,1,0.33,6,16,-10,-1.74,-1.70,0,7,5,0,1,8,11,N/a,N/a,0
Zach Abbott,ENG,DF,Nottingham Forest,19-347,2,1,120,1.3,0,0,0,0,0,0,0,0,0.00,0.00,0.00,0.00,0.00,N/a,N/a,N/a,N/a,N/a,N/a,N/a,N/a,N/a,N/a,N/a,N/a,N/a,N/a,N/a,0,0,N/a,0.00,0.00,N/a,N/a,60,3.9,75,0,1,45,11,0.00,0,4,-4,-3.00,-3.00,0,2,1,0,3,2,2,N/a,N/a,0
Zian Flemming,NED,FW,Burnley,27-267,25,17,"1,442",16.0,9,0,9,7,2,2,3,0,0.56,0.00,0.56,0.44,0.44,N/a,N/a,N/a,N/a,N/a,N/a,N/a,N/a,N/a,N/a,N/a,N/a,N/a,N/a,N/a,45,19,42.2,2.81,1.19,0.16,0.37,58,47.1,79,5,8,13,3,0.68,19,28,-9,-0.56,+0.83,0,40,25,3,6,6,6,N/a,N/a,0
Álex Jiménez,ESP,"DF,MF",Bournemouth,20-352,30,25,"2,227",24.7,1,0,1,1,0,0,10,0,0.04,0.00,0.04,0.04,0.04,N/a,N/a,N/a,N/a,N/a,N/a,N/a,N/a,N/a,N/a,N/a,N/a,N/a,N/a,N/a,20,4,20.0,0.81,0.16,0.05,0.25,74,72.8,83,11,5,29,1,1.43,38,38,0,0.00,0.00,0,33,19,0,46,27,44,N/a,N/a,0
Đorđe Petrović,SRB,GK,Bournemouth,26-199,34,34,"3,060",34.0,0,0,0,0,0,0,3,0,0.00,0.00,0.00,0.00,0.00,52,1.53,146,100,68.5,11,16,7,9,26.5,6,6,0,0,0.0,0,0,N/a,0.00,0.00,N/a,N/a,90,100.0,90,34,0,N/a,0,1.44,52,52,0,0.00,N/a,0,0,2,0,0,0,0,N/a,N/a,1
